pr,committer,weight
19209,Brian Vaughn,0.9996343463369325
19191,Ittai Baratz,0.9964715434121781
19191,Brian Vaughn,1.0051641414141415
19188,Dominic Gannaway,0.995759462440497
19186,Dominic Gannaway,0.9956549148090096
19184,Rick Hanlon,0.9962279267168814
19174,Dominic Gannaway,0.9942186230117265
19142,Brian Vaughn,0.9896455575873679
19138,Rick Hanlon,0.9889419155636828
19136,Brian Vaughn,0.9794735483426216
19121,Rick Hanlon,0.9926124175785634
19108,Andrew Clark,0.9839759720045281
19071,@roadup,0.9802228054612214
19062,Fred Vollmer,0.9790808588761175
19059,Dominic Gannaway,0.9777407561607454
19055,MetinArslanturk,0.9768407403779171
19054,Shailendra Gupta,0.9855947586497155
19053,Andrew Clark,0.9770402419791787
19048,Brian Vaughn,0.9756152400441194
19028,Nick Reiley,1.0140533759933306
19019,Dan Abramov,0.9739167809561129
19009,Kevin Weber,0.9736172156188321
18994,Nick Reiley,1.0267375941527341
18994,Brian Vaughn,1.0819994303668872
18976,Dan Abramov,0.9692546816343511
18970,Dominic Gannaway,0.9691202841997562
18966,Brian Vaughn,0.9686207259375362
18963,Brian Vaughn,0.9688422479101358
18961,Andrew Clark,0.9680636828050622
18959,Sebastian Markbage,0.96792570097527
18954,Brian Vaughn,0.9676295824625566
18952,Damien Maillard,0.9751281511233019
18948,Nick Reiley,0.9666764629049112
18939,Ashesh Vidyut,0.9968508389691939
18933,Brian Vaughn,0.9670087413285151
18928,Hodaka Kasama,1.065536201937962
18921,Sophie Alpert,0.9634058617787066
18913,Nick Reiley,0.9634891812038004
18913,Brian Vaughn,0.9644993396609776
18912,Andrew Clark,0.9629874399526879
18907,Boris Sergeyev,0.9628642295802856
18898,Dominic Gannaway,0.9621508729536746
18891,Andrew Clark,0.9616043033302372
18889,Andrew Clark,0.9618107530041797
18886,Dominic Gannaway,0.9611585684430513
18880,Nick Reiley,0.9608463889372655
18865,Luna Ruan,0.956336977896784
18864,Andrew Clark,0.9587327069183211
18852,Nick Reiley,0.9583034820184604
18852,Brian Vaughn,0.9590439839003059
18845,Andrew Clark,0.9574366600632764
18838,Sebastian Markbage,0.9571043725690815
18832,Dan Abramov,0.9568327786666957
18830,Dominic Gannaway,0.9567308456330547
18814,Dan Abramov,0.9558194462585625
18810,Dan Abramov,0.9552912181259434
18808,Sebastian Markbage,0.9551339408815163
18805,Fernando Lores,0.956143438697318
18803,Dan Abramov,0.9543178885357406
18802,Nick Reiley,0.9566478383874666
18802,Brian Vaughn,0.9644879081247616
18800,Dan Abramov,0.9534637004020086
18799,Dominic Gannaway,0.9534508246981307
18796,Andrew Clark,0.9495123106060606
18794,Sophie Alpert,0.9529571033611982
18792,Brian Vaughn,0.9528407730320446
18789,Dan Abramov,0.9526916887989086
18784,Dan Abramov,0.9521747335555133
18781,Dominic Gannaway,0.9520995787617554
18778,Dominic Gannaway,0.9519058717563567
18774,Dan Abramov,0.9514633874666203
18773,Dan Abramov,0.951447938436085
18772,Nick Reiley,0.9580398566302392
18772,Brian Vaughn,0.9668492032392895
18771,Brian Vaughn,0.9610831033938523
18766,Dominic Gannaway,0.9509853201555788
18765,Pirate Praveen,0.9509558588761174
18756,Dominic Gannaway,0.950423206562754
18745,Nick Reiley,0.9494606535905027
18745,Brian Vaughn,0.9668840615203762
18737,Karl Horky,0.9491606317001432
18737,Brian Vaughn,0.9614334738670228
18733,Andrew Clark,0.9484807213659584
18732,Andrew Clark,0.9423254470591934
18730,Brian Vaughn,0.9496460247228029
18729,Luna Ruan,0.9473581540984558
18729,Andrew Clark,0.9474340386624869
18723,Dominic Gannaway,0.9474390456287008
18722,cyan33,0.9474251531115756
18721,Nicolas DUBIEN,0.9635217446253725
18713,Dominic Gannaway,0.9470743806600488
18711,Andrew Clark,0.9468615392430048
18708,Sebastian Markbage,0.9467893917624521
18697,Sebastian Markbage,0.946011742787066
18689,Dominic Gannaway,0.9455998109688842
18685,Sebastian Markbage,0.9452316102838733
18684,Sebastian Markbage,0.9451710985574132
18680,Dominic Gannaway,0.9449514451265529
18676,Sebastian Silbermann,0.9447355741321258
18674,Nicolas DUBIEN,0.943454457469813
18668,Dominic Gannaway,0.943823801351639
18664,Andrew Clark,0.942867159381168
18659,Theodore Han,0.9427442952029877
18656,Brian Vaughn,0.9440380456867525
18647,Dan Abramov,0.9420042922036457
18627,BetaSu,0.9397630489521653
18625,Naman Goel,0.9417988130829366
18617,Brian Vaughn,0.9421391144442509
18612,Andrew Clark,0.9495123106060606
18609,Dominic Gannaway,0.9402733966823407
18607,Brian Vaughn,0.9421546671818761
18597,Andrew Clark,0.9396403873505167
18596,Andrew Clark,0.9396648734108325
18586,ChrisDobby,0.9379755892255892
18586,Brian Vaughn,0.9395054169569257
18585,Andrew Clark,0.9393144628758853
18581,Andrew Clark,0.9389103294982875
18576,Luna Ruan,0.9374082419017764
18574,Andrew Clark,0.9372635160876002
18569,Brian Vaughn,0.9370029996444329
18567,Sebastian Markbage,0.9365024889701614
18566,Sebastian Markbage,0.9365137546441425
18564,Dominic Gannaway,0.9364423872344131
18561,Sebastian Markbage,0.9360008298582893
18559,Sebastian Markbage,0.9351734296992917
18550,Andrew Clark,0.9355867946708464
18549,Sebastian Markbage,0.935811234350207
18547,Sebastian Markbage,0.9356419771227601
18545,Brian Vaughn,1.087136038002148
18538,Sophie Alpert,0.9351499640804598
18535,Andrew Clark,0.9349202468289214
18531,Brian Vaughn,0.9350052598756327
18529,Dominic Gannaway,0.9348263027182747
18521,Dominic Gannaway,0.9346911161422655
18513,Brian Vaughn,0.9344707196788286
18498,Dominik,0.9336364482952128
18496,Sophie Alpert,0.9328025314205272
18495,Sebastian Markbage,0.932718316166592
18491,jddxf,0.9323516459494369
18487,Sebastian Markbage,0.931847340744611
18485,Sebastian Markbage,0.9305411801806377
18483,Nicolas Gallagher,0.9316407247765006
18479,Hristo Kanchev,0.9314267041826308
18479,Brian Vaughn,0.9316120118207942
18476,Sebastian Markbage,0.9296445792593422
18466,Dominic Gannaway,0.930680738781493
18464,Dominic Gannaway,0.9307045254992454
18461,Dan Abramov,0.9305682362417276
18455,Dan Abramov,0.930104066890166
18446,Dan Abramov,0.9296447457694763
18441,Dominic Gannaway,0.9289682656304423
18432,Sebastian Silbermann,0.9285277931977824
18417,Dan Abramov,0.9268867554858934
18412,Sebastian Markbage,0.9265541822680832
18409,Brian Vaughn,0.9268910549460119
18405,Dominic Gannaway,0.9264716308196912
18397,Brian Vaughn,0.9252937510884709
18395,Dominic Gannaway,0.9251597693892952
18391,Sebastian Markbage,0.9247023394868222
18388,Rick Hanlon,0.9273594194458958
18384,Andrew Clark,0.9242526135396106
18380,Dan Abramov,0.923999070869132
18378,Brian Vaughn,0.9240457133596501
18375,Dominic Gannaway,0.9243995949074074
18374,Sebastian Markbage,0.9233271744020666
18371,Sebastian Markbage,0.9214018447163203
18370,Dominic Gannaway,0.9229671943936492
18364,Sebastian Markbage,0.9215226619644723
18362,Sebastian Markbage,0.9214510587193777
18360,Nick Reiley,0.93586501350611
18356,suthagar23,0.9206323342206962
18355,Dominic Gannaway,0.9205650524642981
18351,Dominic Gannaway,0.9202189912777197
18349,Dominic Gannaway,0.9199391635463834
18347,Andrew Clark,0.9199193261639382
18346,Dominic Gannaway,0.9199350591039708
18346,Sebastian Markbage,0.9199439981713688
18345,jyash97,0.9198740820561941
18336,Dominic Gannaway,0.9193100409627888
18334,Sebastian Markbage,0.914222605001161
18333,Sebastian Markbage,0.9185575356655638
18330,Dan Abramov,0.9183830250541817
18329,Dan Abramov,0.9183401317412632
18309,Brian Vaughn,0.9153639483919657
18307,Brian Vaughn,0.9146591135855684
18304,Dominic Gannaway,0.9165879883606176
18301,Dan,0.9146811279098456
18299,Luna Ruan,0.91463450960757
18297,Brian Vaughn,0.9308674804800882
18296,Andrew Clark,0.91642256799315
18293,Nick Reiley,0.9252762539184953
18292,Dominic Gannaway,0.9144054182268083
18289,Dominic Gannaway,0.9141683084436317
18287,Nick Reiley,0.9255669028648555
18286,Brian Vaughn,0.9138463206054801
18282,Dominic Gannaway,0.9137185477258214
18278,Sebastian Markbage,0.9136220094261582
18277,Sebastian Markbage,0.9135793277603622
18274,Dominic Gannaway,0.9134935426462905
18273,Sebastian Markbage,0.9131898184430512
18271,Dominic Gannaway,0.9127635913735052
18270,Dominic Gannaway,0.9127284609746894
18265,Andrew Clark,0.9131100244543132
18262,Josh Story,0.9124588581510077
18260,Sebastian Markbage,0.9116968789910601
18255,Sebastian Silbermann,0.9119632477795193
18248,Kerollos Magdy,0.9113760812144432
18248,Brian Vaughn,0.9190724821853593
18241,Mateusz Burzyński,0.909733021173068
18240,Sebastian Markbage,0.9093784939916405
18239,Andrew Clark,0.9097119180308836
18234,Andrew Clark,0.9090642959770115
18233,Rick Hanlon,0.9114434501427546
18220,Sebastian Markbage,0.9086406600729516
18217,Sebastian Markbage,0.9084295541623129
18216,Dan,0.9083481002554279
18215,Dominic Gannaway,0.9072488625478927
18215,Sebastian Markbage,0.9082973366930802
18210,Dominic Gannaway,0.9079402864855451
18204,Brian Vaughn,0.9073604271885524
18201,Dominic Gannaway,0.9079626968922946
18196,Sunil Pai,0.9064771638801811
18195,Dominic Gannaway,0.906793986016777
18187,Minh Nguyen,0.9044364079008476
18185,Minh Nguyen,0.9043761428944619
18184,Dominic Gannaway,0.9045481485109719
18180,Sebastian Markbage,0.9012761595843493
18179,Dominic Gannaway,0.9041743494572159
18165,Sebastian Markbage,0.9009960642705794
18157,Sebastian Markbage,0.9034646845611285
18155,Dominic Gannaway,0.9034501171920353
18153,Dan Abramov,0.9034158212875886
18149,Sebastian Silbermann,0.9065364287027362
18149,Brian Vaughn,0.918375112475328
18145,Sebastian Markbage,0.9028670505340763
18144,Minh Nguyen,0.9028440384447928
18143,Sunil Pai,0.9027075169801463
18136,Sebastian Markbage,0.9021405052681992
18126,Dominic Gannaway,0.9017252626843144
18108,Haseeb Furkhan Mohammed,0.9002374136479739
18108,Brian Vaughn,0.9013276623998607
18107,Ruslan Shuster,0.8994017582433531
18096,Brian Vaughn,0.8988050766283525
18094,Sebastian Markbage,0.8983463597098056
18084,Dominic Gannaway,0.8988553639846744
18080,Dominic Gannaway,0.8971487776471613
18075,Dominic Gannaway,0.8969933349297573
18074,Sunil Pai,0.896980717737722
18073,Dominic Gannaway,0.896979375290259
18070,Sebastian Silbermann,0.9019425154320988
18070,Brian Vaughn,0.9183768086758388
18064,Dominic Gannaway,0.8962748488839545
18048,Mojtaba Izadmehr,0.8955657946035592
18046,Hristo Kanchev,0.897695407093306
18046,Brian Vaughn,0.9026630982961802
18041,Haseeb Furkhan Mohammed,0.8929539906367312
18039,ryota-murakami,0.892951107700569
18039,Ryota Murakami,0.8932555031275398
18036,Eli White,0.8925520742627424
18035,Sebastian Silbermann,0.9077059689326212
18034,Sunil Pai,0.8924108723731569
18031,Sebastian Markbage,0.8918706370457448
18030,Brian Vaughn,0.8918310620573551
18029,Andrew Clark,0.8941338129861837
18025,Dominic Gannaway,0.8914792319749216
18023,Luna Ruan,0.9067826251015906
18015,Dominic Gannaway,0.8906386965923604
18013,Dan Abramov,0.8901598748349153
18012,Dan Abramov,0.8901404399599443
18000,Brian Vaughn,0.9052126959516408
17998,Dominic Gannaway,0.8900832861662603
17996,Dominic Gannaway,0.8878809920323929
17990,Dominic Gannaway,0.8867735272988506
17985,Sunil Pai,0.8863991658684547
17984,Chris Lüer,0.8867396713180657
17978,Luna Ruan,0.885572807819575
17949,Andrew Clark,0.883329466238051
17947,Brian Vaughn,0.8853522427943226
17934,Mojtaba Izadmehr,0.8875895158481365
17933,Sebastian Markbage,0.880998359130094
17929,Brian Vaughn,0.8843622981491156
17925,Brian Vaughn,0.8825927498161693
17915,Sunil Pai,0.8790866187013816
17910,Brian Vaughn,0.8933168309048337
17908,Andrew Clark,0.8674965682930842
17901,Nicolas Gallagher,0.8761078487218933
17896,Simen Bekkhus,0.8763890884418902
17896,Sebastian Silbermann,0.8760754379886024
17882,Dominic Gannaway,0.8753512540999071
17880,Dominic Gannaway,0.8743910866930802
17864,Luna Ruan,0.871436618338558
17852,Mohamad Jahani,0.8701972520947018
17848,wfnuser,0.8800741365315717
17841,Brian Vaughn,0.8691028278474399
17840,Dan,0.8690790674344016
17835,Dominic Gannaway,0.8688051764048531
17834,Sunil Pai,0.8687974119789853
17824,Dan,0.8672801560867294
17817,Nicolas Gallagher,0.8652165240769767
17816,Brian Vaughn,0.8651045657726693
17815,Nicolas Gallagher,0.8650399559532103
17806,Nicolas Gallagher,0.8644228110849879
17805,Dan Abramov,0.864801928096648
17798,Sebastian Markbage,0.8634746349994195
17797,Brian Vaughn,0.8634538814872866
17771,Brian Vaughn,0.8604191429380007
17759,Brian Vaughn,0.8595831972744689
17757,Brian Vaughn,0.8594511385405782
17744,Nilomiranda,0.8987245878323465
17678,Dominic Gannaway,0.8492356666521538
17653,Brian Vaughn,0.8479019414692907
17651,Dominic Gannaway,0.8571993153517938
17633,Dan,0.8464310308545222
17631,Dan,0.8463775113442856
17625,Andrew Clark,0.846295402843086
17613,zthxxx,0.8414756400208987
17613,Brian Vaughn,0.846405846358702
17608,Brian Vaughn,0.8456760882895044
17599,Dan Abramov,0.8430529795077208
17599,Dan,0.8446325866422849
17591,Andrew Clark,0.8432984206287008
17582,Steven Luscher,0.8425353843753628
17579,Brian Vaughn,0.8425091764145284
17568,Laura González,0.8415114670411008
17568,Dan,0.841782534395681
17567,Brian Vaughn,0.8414646101822826
17560,Andrew Clark,0.8408516740682689
17556,Sunil Pai,0.8407202230639731
17554,Nicolas Gallagher,0.8405456686114013
17550,Nick Plekhanov,0.8415117059863827
17550,Brian Vaughn,0.8508534700452803
17540,Laura González,0.8383252242250088
17540,Dan Abramov,0.838355229739928
17536,Laura González,0.8376889274518585
17513,Dominic Gannaway,0.8363583527443981
17510,Andrew Clark,0.836092446858431
17510,Sebastian Markbage,0.8317043186897712
17508,Dominic Gannaway,0.8296896225182863
17493,Kunuk Nykjær,0.8328933945537752
17484,Sebastian Markbage,0.8439592676042029
17484,Andrew Clark,0.8440580372692442
17483,Andrew Clark,0.8267485106089631
17483,Sebastian Markbage,0.8317043186897712
17480,Sebastian Markbage,0.8320648343669775
17469,Luna Ruan,0.8307578478753048
17456,Sebastian Markbage,0.8300419061302682
17455,Sebastian Markbage,0.8327374544656334
17453,Chris Trevino,0.831241089353787
17438,Dan Abramov,0.8281009048821548
17430,Andrew Clark,0.8272657187294401
17427,Brady Pascoe,0.8866723524154381
17414,Dan Abramov,0.8262888674822942
17411,Andrew Clark,0.8257535937681411
17398,Sebastian Markbage,0.8337427546135041
17382,Andrew Clark,0.8219514197288982
17372,Sebastian Markbage,0.8218594911035645
17370,Luna Ruan,0.8212783954850227
17369,Luna Ruan,0.823695630877743
17367,Ambroos Vaes,0.8210716857874725
17354,Dominic Gannaway,0.8202543575119006
17350,Sebastian Silbermann,0.8194784319487983
17322,Luna Ruan,0.8753656536630674
17322,Andrew Clark,0.9321669025020318
17307,Dan Abramov,0.8162368802972251
17307,Dan,0.8161112471699757
17285,Sebastian Markbage,0.8142438800722744
17283,Brian Vaughn,0.8142109311505863
17282,Moti Zilberman,0.8141882456025775
17278,Brian Vaughn,0.8139965386624869
17274,Waseem Dahman,0.8135194292058516
17270,Andrew Clark,0.8133913488331592
17266,Dominic Gannaway,0.813321822753396
17265,Eli White,0.8132868057369673
17255,David Garner,0.8138527915650761
17251,Sebastian Markbage,0.810682613370293
17234,Sebastian Markbage,0.8096557287433724
17225,Dominic Gannaway,0.810554031696273
17224,Eli White,0.8093740929409032
17206,Sebastian Markbage,0.8080684992888657
17183,Jessica,0.8052161703239289
17175,Ives van Hoorne,0.8035200657021778
17104,Jagannath Bhat,0.8100049480073725
17099,Andrew Clark,0.7977160070532915
17088,Andrew Clark,0.7972684840502728
17072,Hristo Kanchev,0.7955612821219861
17071,Andrew Clark,0.7946543787370834
17068,Tom Crockett,0.7943725962933937
17063,Andrew Clark,0.7936911998940555
17058,Luna Ruan,0.7956332385703956
17042,Dominic Gannaway,0.7920138012065095
17035,Andrew Clark,0.7914331443022176
17026,ChrisDobby,0.7905680457593173
17019,Dominic Gannaway,0.7889139509317311
17004,Sebastian Markbage,0.7876775568181819
16997,Dominic Gannaway,0.7879107435707651
16989,Brian Vaughn,0.7876638753434732
16971,Dominic Gannaway,0.7865276553247997
16958,Dominic Gannaway,0.7857446048124928
16953,David Huang,0.7851061984790433
16945,Sebastian Markbage,0.7843003853187043
16937,Sebastian Markbage,0.7856626474878091
16936,Nicolas Gallagher,0.7836958576425171
16935,Sebastian Markbage,0.7832331622619877
16903,Dominic Gannaway,0.7825118008388483
16898,Eli White,0.7821087188939201
16897,Brian Vaughn,0.7820191815787182
16894,Dominic Gannaway,0.7818672537153141
16883,Sebastian Markbage,0.7814943798618368
16880,Sebastian Markbage,0.7715032690409845
16879,Joshua Gross,0.7813387874796819
16878,Brian Vaughn,0.7814557089090135
16869,Brian Vaughn,0.78122345945083
16853,Mojtaba Izadmehr,0.7817350702607977
16822,Dominic Gannaway,0.7764089938537675
16821,Rick Hanlon,0.7762850396929061
16810,Brian Vaughn,0.7756574817862534
16809,Andrew Clark,0.7756414177696506
16807,Dominic Gannaway,0.7755665219000348
16800,Andrew Clark,0.775097989594218
16799,Jessica,0.7761609109231684
16798,Pavlo Tymchuk,0.7749844257953095
16798,Brian Vaughn,0.7757373982279694
16795,Dan Abramov,0.7753282223576764
16794,Dominic Gannaway,0.7748384043983899
16784,Zzzen,0.931504266805991
16781,Andrew Clark,0.7726166568704285
16780,Nicolas Gallagher,0.7726551887408568
16779,Nicolas Gallagher,0.772548890485313
16776,Brian Vaughn,0.772453472403634
16772,Nicolas Gallagher,0.7672578424329501
16766,Dominic Gannaway,0.772074035977592
16752,Stephanie Ding,0.7705341023121195
16752,Brian Vaughn,0.7709154856757228
16751,Dominic Gannaway,0.7709612589012732
16738,Dan Abramov,0.7702221387727853
16732,Dominic Gannaway,0.7690944284802044
16730,Dominic Gannaway,0.7700798438769882
16725,Sebastian Markbage,0.7726202216126787
16720,Daniel Husar,0.769724059016893
16717,Nicolas Gallagher,0.7695555319720191
16715,Andrew Clark,0.7688939434757054
16714,Sebastian Markbage,0.7695116030999651
16712,Lars Naurath,0.7693340644229653
16709,Liad Yosef,0.7696075631494543
16700,Hristo Kanchev,0.7688111156982386
16700,Brian Vaughn,0.7702559811476838
16678,Andrew Clark,0.7661597929728318
16672,Dan Abramov,0.7662793342911878
16663,Andrew Clark,0.7657575757575757
16662,Dominic Gannaway,0.7656508511842564
16659,Andrew Clark,0.7654912087832346
16657,Dominic Gannaway,0.7654235875275747
16654,Dominic Gannaway,0.7650633308661325
16644,Luna Ruan,0.7620951926271011
16642,Dominic Gannaway,0.7646849511639382
16631,NE-SmallTown,0.7628788332317427
16628,Nicolas Gallagher,0.7620854195692557
16627,Brian Vaughn,0.7617022914126901
16626,Luna Ruan,0.7532064808163048
16623,Brian Vaughn,0.7616434247890785
16617,Hristo Kanchev,0.761508236323363
16617,Brian Vaughn,0.7695931749245327
16614,Andrew Clark,0.7609589383417509
16612,Hristo Kanchev,0.7605462491292232
16591,Sebastian Markbage,0.7635058185573407
16584,Dominic Gannaway,0.7591122552149852
16578,halvves,0.7661055024623632
16542,Dan Abramov,0.7546310627830024
16540,Dominic Gannaway,0.7552118273249738
16533,Nicolas Gallagher,0.7546647690990363
16532,Sebastian Markbage,0.7538115983832578
16517,Nicolas Gallagher,0.753853803843028
16479,Nicolas Gallagher,0.7530411514570997
16460,Dan Abramov,0.752955582525446
16459,jamesgeorge007,0.7529456018518519
16458,jamesgeorge007,0.7529427446156972
16455,Dan Abramov,0.752832860453191
16434,Sebastian Markbage,0.7508040443951004
16433,Nicolas Gallagher,0.7499986121995821
16432,Luna Ruan,0.7506099215228245
16425,Tim Kye,0.7504355652429467
16398,Sebastian Markbage,0.7594115227345292
16397,Nicolas Gallagher,0.7491575144403808
16391,Dan Abramov,0.7490041398177174
16383,Lee Byron,0.7482614126175549
16356,Hristo Kanchev,0.7477715172558923
16352,Sebastian Markbage,0.648709127917102
16346,Sebastian Markbage,0.745069780754048
16343,Nicolas Gallagher,0.7450929826280042
16340,Luna Ruan,0.7451158616819537
16338,Brian Vaughn,0.7450150208986416
16336,Sunil Pai,0.7449619216591199
16332,Simen Bekkhus,0.7454274515993267
16328,Andrew Clark,0.7445926488302566
16325,Andrew Clark,0.7444371516893069
16320,Nicolas Gallagher,0.7439984389512946
16315,Ashish Kamble,0.7441702289900926
16312,Sunil Pai,0.7434253272669221
16306,Sebastian Markbage,0.7430278811825148
16302,Dan Abramov,0.7427368149889702
16297,Luna Ruan,0.7432635829076202
16285,fancyzhong,0.7400315203036109
16282,Sunil Pai,0.7395817187681412
16271,Andrew Clark,0.7383427576773482
16269,Dan Abramov,0.7386523550882387
16269,Dan,0.7390046477708115
16266,Ivaylo Hristov,0.7379440825278649
16257,Andrew Clark,0.7373782772045164
16256,Luna Ruan,0.7382060260773443
16254,Dan Abramov,0.7398482097072255
16245,Andrew Clark,0.7405399496037965
16240,Sunil Pai,0.7362631432863114
16217,Luna Ruan,0.7348115936211976
16217,lunaruan,0.7385199834189597
16215,Andrew Clark,0.733900594486532
16210,Luna Ruan,0.7328345800860618
16207,Sunil Pai,0.7332879259549518
16205,Dominic Gannaway,0.733254183356554
16204,Dominic Gannaway,0.7331611281638222
16198,Andrew Clark,0.7328058966097759
16194,Benoit Girard,0.7325325089980262
16181,Sunil Pai,0.7312779102084059
16179,Nicolas Gallagher,0.7311848368744921
16172,Dominic Gannaway,0.7307704015732033
16169,Stephan Noel,0.7992345600400557
16168,James Pike,0.7323416607405472
16167,Belmin Bedak,0.7291600405999651
16167,Dan Abramov,0.734096188174852
16166,Andrew Clark,0.7288926713253222
16164,Emily Janzer,0.7286363999187275
16163,Dominic Gannaway,0.7307910182018724
16157,Emanuel Tesar,0.76178300327546
16152,Nicolas Gallagher,0.7256055345117846
16151,Andrew Clark,0.7271501563769883
16148,Dominic Gannaway,0.7268067014735479
16145,Andrew Clark,0.7429287985820853
16134,Benoit Girard,0.7249376668988738
16125,Andrew Clark,0.7231838862765587
16105,Andrew Clark,0.721717643387902
16104,Moti Zilberman,0.7309193406768838
16104,Sebastian Markbage,0.9537439227040521
16103,Sunil Pai,0.721610537849762
16100,Nicolas Gallagher,0.7215223717055613
16094,Sebastian Markbage,0.7211189027487519
16054,Dominic Gannaway,0.7166211459058981
16041,Sunil Pai,0.7155059893112156
16039,Sunil Pai,0.7154111336061767
16036,Dominic Gannaway,0.7152240163851156
16035,Sunil Pai,0.715154063987577
16030,Luna Ruan,0.7200680407704924
16027,Luna Ruan,0.7146871928957058
16024,Sebastian Markbage,0.7210850676303262
16017,Brian Vaughn,0.7122638108818066
16007,Sebastian Markbage,0.7124268955721003
16005,Sebastian Markbage,0.711523981735458
15998,Benedikt Meurer,0.7106790516515732
15966,Dan Abramov,0.7079530079893765
15960,Andrew Clark,0.7070340301361314
15959,Andrew Clark,0.706912552246604
15953,Brandon Dail,0.7078724611415883
15946,Sebastian Markbage,0.7065903013613143
15944,Andrew Clark,0.7062028601387438
15940,Dan Abramov,0.7058148837513062
15939,Dan Abramov,0.7057396673874763
15931,Nicolas Gallagher,0.7059743628816905
15928,Dan Abramov,0.7050808144302217
15928,Dan,0.705280902596366
15927,Dominic Gannaway,0.705532216924997
15918,Sebastian Markbage,0.7051038963630558
15916,Nicolas Gallagher,0.7044926999883896
15911,Andrew Clark,0.7039050617525833
15910,Andrew Clark,0.6977657547094508
15902,Sebastian Markbage,0.7021607447801772
15894,Jack Works,1.0292835775136422
15894,Dan Abramov,1.038093289213979
15890,Dominic Gannaway,0.7013904961976083
15889,Dominic Gannaway,0.7013284334000929
15882,Andrew Clark,0.7006624524701033
15878,Dominic Gannaway,0.7005948720321026
15875,Dominic Gannaway,0.7002637546441425
15872,Brian Vaughn,0.7005222562822913
15849,Devon Govett,0.703617384331824
15848,Devon Govett,0.7015368320416812
15834,Dominic Gannaway,0.6949088163725375
15819,Dominic Gannaway,0.6932609590880066
15816,Sunil Pai,0.6931616723992802
15802,Rick Hanlon,0.6917448823725764
15801,Dan Abramov,0.6937750423898952
15797,Rick Hanlon,0.7033291880732614
15796,Andrew Clark,0.6899824869564902
15779,Simen Bekkhus,0.7231449607424822
15778,Simen Bekkhus,0.7198349968797166
15771,Andrew Clark,0.6890089018779751
15763,Sunil Pai,0.7018074981737877
15757,Andrew Clark,0.6880808126161035
15756,Sunil Pai,0.6882968544399938
15733,Dan Abramov,0.685593516885812
15725,Sebastian Markbage,0.6840692349137931
15724,Dan Abramov,0.6841681240082821
15711,Dan Abramov,0.6832632306231444
15708,Dominic Gannaway,0.6831937218206973
15707,Dominic Gannaway,0.6831878501248113
15702,Dominic Gannaway,0.6825997402182747
15700,Andrew Clark,0.6825822657247764
15698,Dan Abramov,0.6823071184183791
15687,Dominic Gannaway,0.6820203788967258
15682,Sunil Pai,0.6814203910513178
15681,Dan,0.6813496721888423
15681,Dan Abramov,0.6814458159177986
15679,Mateusz Burzyński,0.6845884400760478
15677,Dominic Gannaway,0.679354113452533
15671,Dominic Gannaway,0.6783849056900423
15666,Dan,0.677962541180483
15664,Brian Vaughn,0.6793573962505806
15659,Andrew Clark,0.6777589835132939
15658,Brian Vaughn,1.2222556201381631
15646,Dominic Gannaway,0.6774045112972915
15645,Dominic Gannaway,0.6767550142226866
15640,Andrew Clark,0.6763358168611401
15638,Sebastian Silbermann,0.9403082368222454
15636,Sebastian Markbage,0.6760928973644491
15633,Dominic Gannaway,0.6759564892821897
15631,Sunil Pai,0.6733167539422438
15619,Dan Abramov,0.6759258775494407
15619,Dan,0.6769619355673595
15611,Dominic Gannaway,0.6735267274033437
15593,Sebastian Markbage,0.674418308184472
15591,Sunil Pai,0.6751398274282719
15589,bwain,0.672151335553814
15587,Dominic Gannaway,0.6721336161543598
15578,Sebastian Markbage,0.6691815787182166
15578,Andrew Clark,0.6716252322071288
15576,Nicolas Gallagher,0.6706467603477302
15576,Dominic Gannaway,0.6711951319952397
15567,Brian Vaughn,0.6695087186520376
15529,NE-SmallTown,0.6651014364187856
15519,Sunil Pai,0.6547605146290492
15516,Nicolas Gallagher,0.6621174024730059
15505,Nicolas Gallagher,0.6621347091605713
15504,Andrew Clark,0.6692063731786253
15502,Andrew Clark,0.6635238565613026
15500,Nicolas Gallagher,0.6613715005660049
15498,Sunil Pai,0.6534166950878517
15496,Dominic Gannaway,0.6619381730378497
15492,Andrew Clark,0.6665201494107744
15487,Dominic Gannaway,0.6612977899202755
15479,Andrew Clark,0.6606278118831999
15437,murraykkkeed06,0.6560984032131661
15431,Sunil Pai,0.6523154357379966
15424,Andrew Clark,0.654356223876698
15423,Andrew Clark,0.654314807558342
15406,Andrew Clark,0.6519275640746546
15399,Sunil Pai,0.6564582359989151
15399,Andrew Clark,0.6519252057210031
15399,Nicolas Gallagher,0.6519265935214211
15395,Andrew Clark,0.6512460815047022
15391,Dominic Gannaway,0.6513460424406905
15388,Nicolas Gallagher,0.6511474388279345
15386,Nicolas Gallagher,0.6510819419046789
15385,Dominic Gannaway,0.6561002735690237
15384,Dominic Gannaway,0.6510140074112775
15381,Dominic Gannaway,0.6507869100487635
15374,Nicolas Gallagher,0.6501993625188668
15367,Sebastian Markbage,0.6501075227853246
15364,Dominic Gannaway,0.6497190611212702
15363,Andrew Clark,0.6496700753947521
15358,Sebastian Markbage,0.6482958869102906
15340,Nicolas Gallagher,0.6463666598939587
15330,behzad88,0.646084821514958
15330,b.abbasi,0.6476395601126205
15324,Eli White,0.6477984579005837
15323,Eli White,0.6482529104502883
15322,Dominic Gannaway,0.645625177783583
15313,Sebastian Silbermann,0.9719790941019388
15312,Dan Abramov,0.6448653833594566
15312,Andrew Clark,0.6449229090473703
15308,Dominic Gannaway,0.6451618367862981
15295,Dominic Gannaway,0.6439796514897538
15288,Nicolas Gallagher,0.6432189894636015
15274,Sebastian Markbage,0.6418197963833739
15272,Sebastian Markbage,0.6410884618454662
15268,Dominic Gannaway,0.6425296819971749
15261,Dominic Gannaway,0.6416749923353506
15260,Brian Vaughn,0.6431658267299432
15256,Nicolas Gallagher,0.6408570438581215
15248,Dominic Gannaway,0.6404633499748442
15246,Nicolas Gallagher,0.6402299848339719
15242,Dominic Gannaway,0.6401436449020861
15232,Dan Abramov,0.643790075685011
15232,Dan,0.645260325960757
15228,Dominic Gannaway,0.6393863495769476
15222,raunofreiberg,0.6388878820532915
15222,Sebastian Silbermann,0.6429631171630094
15211,Nate,0.6379039043451759
15197,joshuakgoldberg,0.6369870973867023
15197,Josh Goldberg,0.7283849449959363
15195,Dan Abramov,0.6354095734645303
15186,Brian Vaughn,0.6347552210321606
15184,Dan Abramov,0.6346889240827819
15180,Dan Abramov,0.6349929884331824
15179,Dominic Gannaway,0.6364868289437257
15173,overlookmotel,0.6339059960234529
15170,Brian Vaughn,0.6345097602582337
15168,Dominic Gannaway,0.6340502261946227
15157,Paul Shen,0.6329035929215526
15157,paulshen,0.6502079353611546
15151,Andrew Clark,0.6419039315569488
15150,Dominic Gannaway,0.6329137308187236
15142,Dan Abramov,0.6326899230572004
15141,Ricky Vetter,0.6409249069962073
15139,Jared Palmer,0.6321287293734761
15126,Eli White,0.6320678158198363
15112,Dominic Gannaway,0.631176925184912
15108,Dominic Gannaway,0.6290450391123883
15099,Renan Valentin,0.6280771707738303
15091,Sebastian Silbermann,0.6273458180947405
15087,Philipp Spiess,0.6269943599065366
15079,Kunuk Nykjær,0.6259671862301173
15078,Sophie Alpert,0.6260402063015209
15078,Dan Abramov,0.6283413880181121
15071,Andrew Clark,0.6286829955445257
15055,Dan Abramov,0.6236574709015441
15047,Sebastian Markbage,0.6247686092244282
15037,Kunuk Nykjær,0.635601750865939
15036,Dominic Gannaway,0.6272539597664868
15029,Andrew Clark,0.6232497085316768
15022,Brian Vaughn,0.6661081747592464
15013,Andrew Clark,0.6216331236212702
15009,Yash Raj Bharti,0.6213259480581679
14996,Dan Abramov,0.6191770071403693
14993,Dan Abramov,0.6189715008078873
14992,Andrew Clark,0.6189924841083246
14982,Dan Abramov,0.6185371767241379
14974,Philipp Spiess,0.6516286790316963
14971,Andrew Clark,0.6176346801346801
14964,Andrew Clark,0.6168791875894964
14955,Andrew Clark,0.6160787835249042
14940,Brian Vaughn,0.6158408927638452
14930,Dan Abramov,0.6146168514346046
14916,Dan Abramov,0.6126678996623321
14914,Dan Abramov,0.6125741430105655
14912,Eli White,0.6145952956287009
14907,Eli White,0.6121529265354697
14906,Brian Vaughn,0.6147044465851039
14901,Eli White,0.6119111009520493
14894,Jessica,0.6113995403542818
14876,Mateusz Burzyński,1.5126611209073495
14875,ryota-murakami,0.6093809865900384
14855,Sunil Pai,0.6071381650557297
14853,Sunil Pai,0.6117260460810209
14841,Dominic Gannaway,0.6064159222735013
14831,Brandon Dail,0.6050449810606061
14816,Brandon Dail,0.6046175634759956
14816,Dan Abramov,0.6300297968913271
14808,Sebastian Markbage,0.602683860878904
14802,Rodrigo Ribeiro,0.6025358605813886
14801,Dan Abramov,0.6032944174745539
14799,Dan Abramov,0.6035985211308488
14770,Brian Vaughn,0.6008438597541507
14758,Sunil Pai,0.5985421153585666
14757,Andrew Clark,0.5998941144563451
14756,Andrew Clark,0.5927158936709045
14747,Dan Abramov,0.5970730654243586
14746,Nathan Schloss,0.5980628785459964
14746,Dan Abramov,0.5994397821606873
14746,SToneX,0.5990600690816208
14746,Jessica Franco,0.5991685987025427
14746,Andrew Clark,0.6002422119905957
14746,Sunil Pai,0.6003370722309299
14746,Brian Vaughn,0.6007845244833392
14744,Sunil Pai,0.5985421153585666
14729,Dan Abramov,0.5953993599791013
14720,Andrew Clark,0.5947997803102868
14717,Sebastian Markbage,0.597059432326135
14717,Andrew Clark,0.6051663546383375
14706,overlookmotel,0.59718712508224
14706,Dan Abramov,0.607228363012307
14701,Andrew Clark,0.5933394771469485
14698,Brian Vaughn,0.5908916935156159
14692,Dan Abramov,0.5943195267394425
14692,Leonardo Dino,0.5948220803581795
14692,Andrew Clark,0.6001469508301405
14692,Brian Vaughn,0.6005767807384187
14691,Haegul Pyun,0.5905777694328341
14683,Brandon Dail,0.5901536013874376
14680,Philipp Spiess,0.5904115939386683
14677,Dan Abramov,0.5901941711173032
14676,Sunil Pai,0.5899735879508688
14670,Dan Abramov,0.5898896517255892
14661,Yurick,0.5903674949930338
14661,Dan Abramov,0.5914676760420295
14648,Dan Abramov,0.5883711032741206
14647,Dan Abramov,0.5883253693544642
14636,Caleb Meredith,0.5241278898902821
14636,Jamie Kyle,0.5242190175824335
14636,Dan Abramov,0.5999086211868578
14634,rickhanlonii,0.5861989325728549
14626,Dan Abramov,0.5859351507169395
14625,Dan Abramov,0.5857537751799605
14615,Dan Abramov,0.585354232493241
14608,Sunil Pai,0.5850133990769766
14608,Dan Abramov,0.585435914460699
14596,Sunil Pai,0.5850569746495123
14594,Andrew Clark,0.5838701913773753
14585,Sunil Pai,0.5851818381371184
14571,Sunil Pai,0.5804135917363289
14569,Andrew Clark,0.5830495553596308
14567,Dominic Gannaway,0.5835442777010665
14565,Sunil Pai,0.5795623167740624
14559,Brian Vaughn,0.5797260953645651
14495,Lam Hieu,0.5675293705735516
14444,Brian Vaughn,0.5586966195721583
14435,Brian Vaughn,0.5578422651442587
14429,Andrew Clark,0.5578361772659545
14427,Brian Vaughn,0.5572061400644375
14423,Pleun Vanderbauwhede,0.5567521252394636
14421,Brian Vaughn,0.5562772934082202
14415,Sebastian Markbage,0.5556347418146987
14392,Brian Vaughn,0.5509346064814815
14389,Brian Vaughn,0.5508017041826309
14383,Brian Vaughn,0.5499229453297341
14382,Dominic Gannaway,0.5644325426459751
14382,Brian Vaughn,0.5504215067340067
14382,AGCB,0.5504013645797051
14382,Spencer Ahrens,0.5510573769302217
14370,Brian Vaughn,0.5480902687071868
14358,Brian Vaughn,0.5477288026336158
14339,Brian Vaughn,0.5454277781406014
14329,Michael Probber,0.5450236258659391
14327,Dan Abramov,0.5447505904954719
14298,Dan Abramov,0.5422337729719195
14289,raunofreiberg,0.5399133452430193
14282,Sebastian Markbage,0.5391311462324393
14280,Brian Vaughn,0.5393890102254866
14277,Dan Abramov,0.5394847934565966
14276,Dominic Gannaway,0.5389143591083246
14267,Dominic Gannaway,0.5388912154954719
14265,Dominic Gannaway,0.5380166245791246
14260,Brian Vaughn,0.5389848565659204
14255,Brian Vaughn,0.5357566959102519
14242,kulek1,0.5358594384941368
14242,Nate,0.6233524496037965
14234,Andrew Clark,0.5351335009578544
14225,Brian Vaughn,0.5344709214994775
14223,Dan Abramov,0.5343659808090484
14219,Dan Abramov,0.5335613181019969
14218,Dominic Gannaway,0.5355909096956152
14203,Dan Abramov,0.533557866742134
14198,Dan Abramov,0.5335204233426216
14198,Sophie Alpert,0.5524745207099733
14191,Joshua Rouzer,0.5334963590647859
14182,Lee Byron,0.5131403655810983
14182,Sebastian Markbage,0.5313170800437322
14181,Sophie Alpert,0.5312978745791246
14171,mapkeji,0.5304209264429496
14161,Alex Taylor,0.5297629945286195
14147,Andrew Clark,0.5301953297341229
14144,Sebastian Markbage,0.5302188363217907
14133,Andrew Clark,0.5292118019273192
14130,Dan Abramov,0.5289808374695228
14128,Dan Abramov,0.5289237018170208
14124,NE-SmallTown,0.5240096456664345
14122,locknono,0.5286261955038895
14119,Andrew Clark,0.5762347432659933
14117,Jonathan Lehman,0.526365545723035
14115,Sophie Alpert,0.5281590056455359
14112,Brandon Dail,0.5188556088906304
14112,Dan Abramov,0.5283500534560162
14104,Dan Abramov,0.5284148572133486
14086,Sophie Alpert,0.5260477258214327
14085,Sebastian Markbage,0.5268738067133661
14084,Nate Hunzaker,0.5259612830895158
14078,Dan Abramov,0.5257060910832463
14069,Sophie Alpert,0.5250939078282828
14068,Sophie Alpert,0.525082524236619
14065,Brian Vaughn,0.5272491826101741
14053,Kevin Chavez,0.5343454994146445
14033,Dominic Gannaway,0.526578650187217
14025,Andrew Clark,0.5230758419322536
14024,Andrew Clark,0.5226172237823639
14003,Simen Bekkhus,0.5210006086366539
13994,Keyan Zhang,0.520497476561593
13968,Andrew Clark,0.5018090583154341
13968,Alex Taylor,0.5042096159148961
13968,Sophie Alpert,0.5077988876345557
13968,Sebastian Markbåge,0.5063135667014977
13968,Dan Abramov,0.5116878147495065
13968,Caleb Meredith,0.5178813639266225
13961,Brandon Dail,0.5188556088906304
13929,Brian Vaughn,0.5179106377472039
13926,Andrew Clark,0.5178454262452108
13925,Andrew Clark,0.5178106632053292
13921,Andrew Clark,0.5173934114855451
13914,Minh Nguyen,0.5160695496632997
13914,Dan Abramov,0.5303610548734471
13912,Sophie Alpert,0.5209123109688841
13909,Abdul Rauf,0.5154650491988854
13903,Sebastian Markbage,0.5149606699175664
13902,Sebastian Markbage,0.5149694968983761
13900,Sebastian Markbage,0.5149734413096483
13899,Andrew Clark,0.5149168589631952
13898,Andrew Clark,0.5148301078311854
13896,Andrew Clark,0.5147803012161848
13889,Alex Taylor,0.5123395865987461
13879,Andrew Clark,0.5139027306107048
13879,Sebastian Markbåge,0.5140778383693254
13874,Lee Byron,0.5131403655810983
13865,Andrew Clark,0.5148559862272147
13862,Sebastian Markbage,0.5123599954284221
13855,Alex Taylor,0.5116799641530245
13855,Sebastian Markbage,0.5151339544874027
13850,Dan Abramov,0.5106559488563799
13841,Sebastian Markbage,0.5093196739303959
13833,Dan Abramov,0.5086345495181702
13832,Dan Abramov,0.5085823119847904
13829,Dominic Gannaway,0.5089461567128594
13823,Andrew Clark,0.5044169242714502
13822,Sophie Alpert,0.5078568098368745
13793,mapkeji,0.5049315140146678
13786,Jan Poeschko,0.518276814481017
13785,Andrew Clark,0.5050966335408684
13778,Philipp Spiess,0.5038455586758389
13776,Sophie Alpert,0.5030626850400557
13774,Andrew Clark,0.5029433976982468
13774,Sophie Alpert,0.5029581555497504
13767,Sophie Alpert,0.5024426557239057
13759,Brian Vaughn,0.5014681598068811
13751,Andrew Clark,0.5014942746429816
13748,Andrew Clark,0.497541819959654
13746,Brian Vaughn,0.4975732881073668
13746,Andrew Clark,0.49829305990943923
13745,NE-SmallTown,0.4973951212919424
13744,marc hurabielle,0.4973263798182979
13740,Andrew Clark,0.49697696251306167
13732,Dominic Gannaway,0.49651186040239564
13728,Brian Vaughn,0.4960206727838732
13725,NE-SmallTown,0.4957738574683618
13720,Andrew Clark,0.4953073479043307
13718,mapkeji,0.5041852417252023
13687,Petri Lievonen,0.5037251737925229
13687,Andrew Clark,0.5037252463572507
13683,Dan,0.49059920323928946
13675,charlietruong,0.4971505554829908
13671,kachulio1,0.4881178977272727
13669,Abdul Rauf,0.48871123229420643
13650,Jérôme Steunou,0.4871443058458145
13642,Brian Vaughn,0.48658453065134105
13636,Andres Rojas,0.4862622422742753
13620,Aliaksandr Manzhula,0.4848253911238825
13620,link-alex,0.4850051883780332
13620,Dan Abramov,0.4855720186781609
13618,Nate Hunzaker,0.4849058684304734
13606,Dan,0.483348880326251
13605,Brian Vaughn,0.4835400838485429
13602,Ivan Babak,0.41273209223460655
13594,simek,0.4848966134041565
13594,Héctor Ramos,0.48344928723296177
13594,Nathan Hunzaker,0.48417456715139906
13594,Brandon Dail,0.48259969486531984
13594,Dan,0.4832780752931615
13594,Dan Abramov,0.4856048028174465
13594,Brian Vaughn,0.48513606249274355
13594,Evan Jacobs,0.48495727751654477
13594,Aliaksandr Manzhula,0.4855722998664809
13594,Andres Rojas,0.4863900680657146
13594,Heaven,0.4866952208870312
13590,Brian Vaughn,0.4958095502438175
13588,Nish,0.4816788257938581
13588,Dan Abramov,0.48171959356496
13582,Andrew Clark,0.48421448228694997
13573,Alex Taylor,0.480307257198421
13568,NE-SmallTown,0.48015300272843375
13543,Brian Vaughn,0.4785928168629542
13539,Dan,0.4779606408916754
13539,Dan Abramov,0.4785812734021247
13538,Brian Vaughn,0.47808125253976547
13536,NE-SmallTown,0.4777166510652502
13534,Michał Gołębiowski-Owczarek,0.4772459146058284
13532,Brian Vaughn,0.47712827357628
13530,Ashutosh,0.47687948087193777
13526,Nathan Hunzaker,0.47881893762517413
13526,Nate Hunzaker,0.4855432370883161
13526,Dan Abramov,0.48565559510333217
13521,Nate Hunzaker,0.47152634881083155
13521,Nathan Hunzaker,0.47873811912652575
13516,Alex Saunders,0.544608671122141
13511,Dan Abramov,0.47476460002322074
13509,Brian Vaughn,0.4756257339619858
13488,Dan,0.4729140974217752
13482,Prashant Andani,0.4715697519374782
13479,NE-SmallTown,0.47131706794961103
13479,Nate Hunzaker,0.47305956475676303
13465,Dan,0.46940476967955413
13463,Philipp Spiess,0.46418654033147566
13460,Nathan Hunzaker,0.27051993080953207
13460,Nate Hunzaker,0.46866805728904626
13453,Nate Hunzaker,0.46447185577034705
13446,Dan Abramov,0.4676196002771973
13444,Dan Abramov,0.46759498722860793
13443,Dan Abramov,0.46759556774642985
13441,Dan Abramov,0.46754085847701154
13435,Brandon Dail,0.4665075140775572
13428,Nate Hunzaker,0.4654476155230466
13426,Brian Vaughn,0.4653242237388249
13423,Dan Abramov,0.4652432248732536
13421,Nate Hunzaker,0.46461874492046906
13416,Rauno Freiberg,0.4644294620958145
13406,Dan Abramov,0.4636794353375711
13404,Moti Zilberman,0.4634725306223151
13401,Dan Abramov,0.46346490679060726
13398,Andrew Clark,0.4644930809532103
13397,Andrew Clark,0.46388166157158617
13394,Nate Hunzaker,0.4818345551419366
13392,kachulio1,0.4631818091112272
13391,Andrew Clark,0.46288440710989204
13389,raunofreiberg,0.46282391080343666
13387,aseem191,0.46370427515093465
13385,Nate Hunzaker,0.46233021849239525
13385,Nathan Hunzaker,0.4623466525891095
13384,Dan Abramov,0.46173733110559617
13375,raunofreiberg,0.4615953597275437
13372,Moti Zilberman,0.46121064497344133
13368,Nate Hunzaker,0.460938475088529
13368,Nathan Hunzaker,0.4628455441628933
13367,Philipp Spiess,0.4600387767763845
13362,raunofreiberg,0.46074178285085854
13362,Rauno,0.4613813421572042
13361,raunofreiberg,0.45964762114681296
13360,raunofreiberg,0.4595253609188146
13360,Rauno,0.4599271722251248
13358,Philipp Spiess,0.45909979146711366
13356,Esteban Las,0.4601314101866365
13353,Dan Abramov,0.45899160426100083
13318,Clark Du,0.45435094932805065
13313,Brian Vaughn,0.4553585899403518
13312,Dan Abramov,0.4535853438298212
13310,Dan Abramov,0.4535037261987693
13305,Dan Abramov,0.45292172805642633
13295,Brian Vaughn,0.4525940569891121
13293,Andrew Clark,0.45377300301869267
13284,mrgurdeep,0.4492142237751074
13279,Dan Abramov,0.4486488629107164
13271,Flarnie Marchan,0.4496888116074539
13270,Dmytro Zasiadko,0.4516289330082433
13270,Nate Hunzaker,0.45431590509984904
13264,Flarnie Marchan,0.4470020608382678
13261,Konstantin Yakushin,0.44851374738766975
13261,Dan Abramov,0.45266097275436357
13253,Brian Vaughn,0.47082577072811443
13250,Pablo Garcia,0.4457455028009985
13248,Sebastian Markbage,0.4444501317049808
13244,Dan Abramov,0.44268689952687795
13242,shawn wang,0.4420727751654476
13242,sw-yx,0.4440020535817949
13237,Dan Abramov,0.44201409978012884
13236,Andrew Clark,0.4419775248897016
13235,Dan Abramov,0.4419820647204806
13234,Brian Vaughn,0.45776873863152606
13232,Andrew Clark,0.4418800160368048
13230,Prashant Andani,0.4419456856036417
13225,Dan Abramov,0.4411810526239406
13219,Dan,0.4403970923313596
13215,Dan Abramov,0.44024855913662486
13205,johanhenrikssn,0.4386998063731182
13205,Dan Abramov,0.4404622554568675
13201,Dan,0.4372475473122025
13201,Dan Abramov,0.4373614467229769
13200,Andrew Clark,0.4374857410309997
13198,Dan,0.4369275005805178
13197,Dan,0.43696026506685626
13195,Brian Vaughn,0.4366264930192732
13193,Brian Vaughn,0.43627377401892486
13189,cyan33,0.4358269567078834
13181,Dan Abramov,0.43630767535266457
13178,YangKui,0.43313082876175546
13176,Philipp,0.4344702910934053
13174,Brian Vaughn,0.4339139237199582
13173,Yunchan Cho,0.43307044039533266
13173,Dan Abramov,0.4533382586642285
13169,seungkyu2,0.4352767981539533
13169,Dan Abramov,0.45301423901370025
13165,Dan,0.4325795717592593
13164,Brandon Dail,0.4325493802972251
13161,Dan,0.4351883946626223
13161,Dan Abramov,0.43919942834544123
13156,Brian Vaughn,0.4323111412254731
13152,Dan Abramov,0.43160525423052365
13139,Andrew Clark,0.4366010681527923
13132,Iman Mohamadi,0.4270231136799025
13131,Dylan Cutler,0.43702755826947637
13131,Dan Abramov,0.4527713013758272
13127,stereobooster,0.42727760336327153
13124,Sebastian Markbage,0.42645930388656683
13123,Brian Vaughn,0.42878974473802056
13121,sw-yx,0.425719415781377
13120,Andrew Clark,0.4289369584857193
13117,Jason Quense,0.4253084998693835
13114,Wensheng Xu,0.4256281384244746
13109,Flarnie Marchan,0.4210250100381207
13098,Andrew Clark,0.4216284976198769
13092,Andrew Clark,0.4228242055976431
13091,Flarnie Marchan,0.4209601069362205
13090,Jason Williams,0.421050298845737
13088,Dustin Masters,0.42088926940017996
13088,Dan Abramov,0.42147097773714154
13080,Bogdan Chadkin,0.4197403361923836
13078,Michael Ridgway,0.4202633782146175
13072,Andrew Clark,0.4187730166245791
13069,Dan Abramov,0.4183293614223331
13058,Brian Vaughn,0.4172990389639097
13055,Dan Abramov,0.41697163303694673
13046,Dan Abramov,0.4151838336671311
13030,fatfisz,0.4136912905999652
13024,Sebastian Markbage,0.4131418712991989
13023,Philipp Spiess,0.4135004529248423
13019,Dan Abramov,0.41277746030709395
13017,Dan Abramov,0.4127210684430512
13012,Alex Antonov,0.41249029446766516
13002,Abhay Nikam,0.4104544547486358
13001,Ivan Babak,0.41045278273636754
12996,Thaddeus Jiang,0.4116615576563044
12985,Eric Soderberg,0.4085009461922177
12985,Dan Abramov,0.41265720241205156
12980,Flarnie Marchan,0.4120120725030477
12976,Nathan Hunzaker,0.4070912882416115
12966,Philipp Spiess,0.4053083048516777
12966,Dan Abramov,0.41266602356176707
12954,whs,0.4041233092418437
12939,Maxime Nory,0.4036918144265935
12932,Brandon Dail,0.40281916688436087
12925,Nathan Hunzaker,0.40241092679670265
12920,Flarnie Marchan,0.4023668172105672
12919,Nathan Hunzaker,0.4040600388463176
12911,Brian Vaughn,0.4006091990305352
12910,Brian Vaughn,0.39903808650441197
12909,Brian Vaughn,0.399589697864662
12908,Brian Vaughn,0.3995630741684082
12900,Flarnie Marchan,0.39971687510884707
12895,Brian Vaughn,0.46763180475734356
12894,Simen Bekkhus,0.3993444956025775
12893,Flarnie Marchan,0.3988477215078628
12892,cyan33,0.3979235421746198
12886,Brian Vaughn,0.40641915631712233
12880,Flarnie Marchan,0.3964991147103216
12878,Dan Abramov,0.3970634455587162
12875,Dan Abramov,0.39630592019331246
12863,Dan,0.39475319375507956
12863,Dan Abramov,0.39636752764716127
12858,Flarnie Marchan,0.39396561701787997
12852,Brian Vaughn,0.3937727959068656
12851,Andrew Clark,0.39339523558138856
12849,cyan33,0.3940828738431109
12847,Sebastian Markbage,0.39325352120341345
12845,Brian Vaughn,0.39339628323464526
12844,Flarnie Marchan,0.39182515710263555
12843,Brian Vaughn,0.3931452909119935
12842,Dan Abramov,0.39312901600415073
12829,Dan Abramov,0.39234696098920235
12824,Sebastian Markbage,0.39175092338616047
12821,Brian Vaughn,0.3916522240181992
12820,Dan Abramov,0.39163771334029956
12818,Philipp Spiess,0.391482179916986
12808,Andrew Clark,0.3911257238331592
12800,Dominic Gannaway,0.3907384912341809
12800,Dan Abramov,0.3907979959601237
12793,Dan,0.3895330459770115
12793,Dan Abramov,0.39070402298850576
12792,Dan,0.39068430050021286
12792,Dan Abramov,0.39380273943941324
12785,Bill Sheikh,0.3913367390378885
12784,Hypnosphi,0.3884499357802159
12780,Ellis Clayton,0.387952178030303
12780,Dan Abramov,0.46441103745791246
12779,Andrew Clark,0.38796569623437444
12777,Sophie Alpert,0.38781027770521304
12770,Flarnie Marchan,0.3906121220284744
12766,Brian Vaughn,0.38672425705812924
12760,iliran11,0.38542696178741437
12760,Liran Cohen,0.4086852019657785
12755,Lidor Avitan,0.4101145570286195
12747,Tim Yung,0.3832186719929177
12746,Flarnie Marchan,0.38466193605112425
12745,Brian Vaughn,0.3823007974258872
12743,Flarnie Marchan,0.38300641562899107
12728,Andrew Clark,0.3717585256752148
12728,Dan Abramov,0.36682261733716476
12726,Sophie Alpert,0.3807057736125624
12722,Nathan Hunzaker,0.3800898986270754
12707,Flarnie Marchan,0.37645252248599503
12690,Dan Abramov,0.3762489810702814
12684,Flarnie Marchan,0.37529382667672895
12682,Flarnie Marchan,0.3790928203940057
12669,bee0060,0.3735381926303262
12658,Nicole Levy,0.3721231569626283
12654,Dan Abramov,0.37129547994310924
12654,Dan,0.372920852744398
12647,Brian Vaughn,0.371206801310519
12635,Sebastian Markbåge,0.3698867960011997
12629,Philipp Spiess,0.3708123427764233
12628,Nicole Levy,0.3804600487116651
12628,Dan Abramov,0.43413470579149466
12625,Brian Vaughn,0.3701247911748391
12624,Flarnie Marchan,0.3667444832665738
12600,Andrew Clark,0.37143650314205273
12599,Flarnie Marchan,0.3643182226358412
12591,tmm2018,0.37313367511320095
12586,Dan Abramov,0.3701919518460467
12575,Sebastian Markbage,0.3627771730717133
12573,Sebastian Markbage,0.3621851416463485
12571,Sebastian Markbage,0.3621177743672356
12569,Sebastian Markbage,0.36211716663764076
12563,Jaehyoung Kim,0.36098750616800185
12563,Dan Abramov,0.4149958910222919
12556,Sebastian Markbage,0.36058184212817834
12544,Dan Abramov,0.35956832150528273
12537,Dan Abramov,0.35942808109833974
12534,Nicole Levy,0.36081810660205055
12534,Dan Abramov,0.3636779069429931
12531,Dan Abramov,0.35881044641820503
12530,Juho Teperi,0.34242855095495184
12510,Dan Abramov,0.35665702916376407
12508,Dan Abramov,0.35760836332675416
12508,Andrew Clark,0.3581106231133171
12505,Nathan Hunzaker,0.40713104917711596
12479,Flarnie Marchan,0.3546077120583227
12478,Andrew Clark,0.35413283336235923
12470,Dustan Kasten,0.3535053344145478
12470,Dan Abramov,0.3547947431087697
12469,Andrew Clark,0.3534250853844963
12466,Dan Abramov,0.3536203873021402
12466,Andrew Clark,0.3542811345011417
12457,Brian Vaughn,0.42939703397722434
12451,abelginrayen,0.3514722022669221
12445,Dan Abramov,0.3502340031057703
12444,Maël Nison,0.3501578101416464
12442,Maël Nison,0.35015739289446185
12429,Dan Abramov,0.3493012379542552
12421,Aaron Brager,0.46439467411180774
12419,Brian Vaughn,0.3492155778847589
12414,Barry Michael Doyle,0.34837486756937186
12412,raunofreiberg,0.3483285349907117
12408,Brian Vaughn,0.34779736798661903
12404,Brian Vaughn,0.350180097231552
12392,Jason Quense,0.34457148033858703
12392,Brian Vaughn,0.3446373396319517
12384,Flarnie Marchan,0.348196213209683
12383,Brian Vaughn,0.3438559558407349
12371,Andrew Clark,0.34245615276326485
12370,Juho Teperi,0.34242855095495184
12359,Andrew Clark,0.3424815322767909
12353,Brandon Dail,0.3410220560489957
12347,Sophie Alpert,0.33855744042435854
12346,Brian Vaughn,0.3416078550163337
12342,Andrew Clark,0.3378549594363172
12341,Andrew Clark,0.33779156507604785
12325,Brian Vaughn,0.3365332926970858
12323,Sophie Alpert,0.334437949901312
12294,Andrew Clark,0.3307460470364565
12293,Brian Emil Hartz,0.33264356931382794
12279,Andrew Clark,0.3803427020443903
12279,Dan Abramov,0.36682261733716476
12264,Sophie Alpert,0.32671810598804135
12263,Swieckowski,0.3257257742656449
12256,Sophie Alpert,0.32586057231800764
12254,Andrew Clark,0.3325849279432253
12253,Brandon Dail,0.3248591823147319
12242,GarethSmall,0.32361880070460347
12242,Dan Abramov,0.4543213565250203
12237,Andrew Clark,0.3227275085626379
12224,Andrew Clark,0.32132169395100435
12219,Andrew Clark,0.3201298999332405
12213,Orta Therox,0.3189957767328457
12212,Brian Vaughn,0.3189263595001742
12204,Lucas Lentz,0.3411219522814351
12201,Andrew Clark,0.32390699945757867
12199,Sebastian Markbage,0.228306919772437
12199,Brian Vaughn,0.3182493008590051
12198,Dan Abramov,0.31712487059290223
12192,Andrew Clark,0.31659089094972714
12190,Brian Vaughn,0.3164877764716127
12190,Sophie Alpert,0.31655066287878786
12179,Nicolas Gallagher,0.31582482511900617
12173,C.T. Lin,0.31542113846801345
12166,Chibuikem Amaechi,0.3142044547486358
12163,Mario Nebl,0.3437740152966446
12162,Dominic Gannaway,0.314704071969697
12148,Brian Vaughn,0.31323386069749215
12135,Spyros Ioakeimidis,0.33648186698159754
12135,Nathan Hunzaker,0.40317255710844074
12134,Brian Vaughn,0.3109493824741669
12118,Andrew Clark,0.3089181732918263
12117,Andrew Clark,0.3088569331969117
12105,Brian Vaughn,0.30679882064176245
12100,Andrew Clark,0.307339820619993
12098,Maël Nison,0.30591303434851386
12083,Brian Vaughn,0.30475888206222257
12078,hongjian.chj,0.30410108024691357
12069,Sebastian Markbage,0.29950345770927667
12063,Ivan Babak,0.3872654746873497
12060,Brian Vaughn,0.30335737720233946
12059,Billy Janitsch,0.3013007635623476
12059,raunofreiberg,0.3314340785730872
12059,Dan,0.45852662762684315
12057,Brian Vaughn,0.30090742192035297
12054,woskxn,0.3007092589871415
12049,Orta Therox,0.3090232107352258
12037,Andrew Patton,0.3261483011387824
12037,Brandon Dail,0.31680843320053986
12037,wilsonhyng,0.44495846848513876
12036,Brian Vaughn,0.3002066991151941
12030,rickhanlonii,0.30016950666869846
12028,Brian Vaughn,0.2995590659390498
12027,Vlad,0.2984152044874028
12023,Oussama Ben Brahim,0.291224330227563
12020,rickhanlonii,0.29690207571403693
12019,Brenton Simpson,0.29620420258620694
12010,Nathan Hunzaker,0.29470441665215374
11999,Neil Kistner,0.29301106430686175
11995,Shrey Banga,0.2922747621086342
11993,Neil Kistner,0.2924785956729653
11992,Jason Quense,0.29204567223963773
11986,Chris,0.2966761907871822
11981,Vikram Jadhav,0.2935202600719842
11980,Lucas Azzola,0.2909310961627772
11967,Shrey Banga,0.29019978974370136
11966,HeroProtagonist,0.31279185079966326
11962,Dan Abramov,0.2890039448000116
11957,Brian Vaughn,0.2879281273583537
11956,Dan Abramov,0.2883356178264584
11927,Brandon Dail,0.28531604660106813
11927,Dan Abramov,0.4655528343782654
11915,Dan Abramov,0.2789020654340338
11914,Orta Therox,0.27890419097585045
11912,Dan Abramov,0.278822882198421
11901,Andrew Clark,0.2843209513719571
11898,Brian Vaughn,0.28772891563806163
11894,Dan Abramov,0.27685455488796007
11889,Jason Quense,0.2764060867293626
11884,Brandon Dail,0.27579495112765584
11882,Dan Abramov,0.2756879045483571
11872,Manas,0.2885820791729556
11867,Mir Mufaqam Ali,0.27393006710423196
11865,Orta Therox,0.28610816165728165
11865,Dan Abramov,0.2986410440613027
11848,Nathan Hunzaker,0.2719807812318588
11835,Yu Tian,0.2707907396522698
11834,Andrew Clark,0.27098620181702077
11833,yenshih,0.2905123432601881
11825,Roderick Hsiao,0.2724104968506908
11823,Андрей В. Васильев,0.2687188243788459
11823,Andrey Vassilyev,0.2691618229710902
11823,Dan Abramov,0.26935271960505436
11821,Adrian Carolli,0.26870470146871006
11821,Dan Abramov,0.2687683860878904
11818,Andrew Clark,0.2739636700422071
11813,Jason Quense,0.2772498331011262
11804,Dan Abramov,0.2613568910453419
11802,Brandon Dail,0.2672052511465227
11794,JackHou,0.267916679365494
11794,Dan Abramov,0.2700647549489144
11792,Mark Larah,0.2679527041245791
11787,Dan Abramov,0.2663123893387902
11786,Brian Vaughn,0.27733329256341394
11782,Sotiris Kiritsis,0.2583133508214327
11782,skiritsis,0.2667230857424823
11780,Raphael Amorim,0.26374798088645074
11769,Andrew Clark,0.2648074222831766
11764,Brian Vaughn,0.2647585680802276
11752,Raphael Amorim,0.2632979924968072
11751,Nathan Hunzaker,0.26361139683472656
11750,Yu Tian,0.2641725655743256
11747,Manas,0.2624369866045513
11746,Nathan Hunzaker,0.26242034207012654
11742,Anushree Subramani,0.26133736793219553
11742,Dan Abramov,0.267061055961918
11741,Nathan Hunzaker,0.26261118276877976
11741,Dan Abramov,0.2638500183830644
11737,Toru Kobayashi,0.2640713993835626
11737,Dan Abramov,0.2661738675064824
11733,Dan Abramov,0.2619015635280003
11733,Brandon Dail,0.2623727577499129
11732,Raphael Amorim,0.2617802984950075
11731,Raphael Amorim,0.2617044456780448
11728,Dan Abramov,0.2616560419811138
11713,Whien,0.39800074302094784
11709,Dan Abramov,0.2608462317136886
11699,Raphael Amorim,0.2602524164054337
11697,Gabriel Kalani,0.2602221478433763
11696,Conrad Irwin,0.2601314963572507
11694,Brian Vaughn,0.26014995047457334
11683,rivenhk,0.25989091707302914
11683,Dan Abramov,0.2599334309328921
11677,Dan Abramov,0.2601601684952978
11676,Sotiris Kiritsis,0.2583133508214327
11676,skiritsis,0.2597594207157785
11676,Dan Abramov,0.2609099798270057
11672,Clement Hoang,0.2592623160484152
11669,Dan Abramov,0.259142838224196
11664,Tim Jacobi,0.25961308849994197
11658,Veekas Shrivastava,0.2529493117235574
11658,Dan Abramov,0.4737880329879252
11652,Ethan Arrowood,0.292490649732478
11644,Dominic Gannaway,0.25588461391936607
11641,HeroProtagonist,0.258330854038469
11639,Raphael Amorim,0.2555607711453617
11636,Dan Abramov,0.2554424951744456
11633,Dan Abramov,0.25579775492619844
11632,Dan Abramov,0.2553873550519563
11631,Anton Arboleda,0.25250454371817516
11631,Dan Abramov,0.25754886100589225
11617,Nathan Hunzaker,0.2547069382764426
11614,Kent C. Dodds,0.25453614811912223
11612,Dan Abramov,0.25445404112968767
11611,Dan Abramov,0.25443957353709507
11605,Raphael Amorim,0.2554690674706839
11594,cristidrg,0.252839689096424
11590,Andrew Clark,0.2510395562425016
11587,Brian Vaughn,0.2511872927369964
11580,Andrew Clark,0.2500680657146174
11571,Jason Quense,0.270131968027981
11571,Nate Hunzaker,0.45436660063276446
11558,Andrew Clark,0.24923693653488913
11555,Dominic Gannaway,0.24920992042759282
11550,Nathan Hunzaker,0.24859690883330432
11548,Andrew Clark,0.24667088146793606
11545,Brian Vaughn,0.284947122989957
11542,Nathan Hunzaker,0.24810060918088936
11535,Raphael Amorim,0.2475637390427261
11534,Nathan Hunzaker,0.2562491036606926
11531,Matt Travi,0.2467868338557994
11531,Dan Abramov,0.2480971895680947
11525,Tim Jacobi,0.2500004978746598
11524,M-ZubairAhmed,0.2463551009375363
11524,z,0.2524539425625992
11518,johnson,0.24588644164344595
11518,Dan Abramov,0.24820683033641006
11517,Dan Abramov,0.245846863631526
11507,Alexandre Cordeiro,0.24980084610472542
11507,Dan Abramov,0.24815339094972716
11506,Andrew Clark,0.24529959557258407
11504,Brian Vaughn,0.24502498040752352
11487,monkindey,0.25578340797605104
11484,Dan Abramov,0.24363153581432137
11484,Clement Hoang,0.24367563929525135
11483,Dan Abramov,0.24399100862552733
11482,Brian Vaughn,0.24347414216397692
11480,Andrew Clark,0.2434173179350981
11479,Tom McCarthy,0.24333440819836294
11473,Andrew Clark,0.24270161202542667
11467,Raphael Amorim,0.24233202172587948
11465,Dean Brophy,0.24565148612562404
11463,Dan Abramov,0.24214052340938116
11462,Joe Lim,0.2418064263322884
11458,Joe Lim,0.24156961739037888
11457,Dan Abramov,0.24137330828142828
11455,Dan Abramov,0.2418510740486764
11452,misoguy,0.24074328957680252
11451,shawn wang,0.24285641980146289
11451,sw-yx,0.24994773344072913
11447,Joe Lim,0.2405664493353071
11447,Dan Abramov,0.24118833812260537
11439,Michal Matyas,0.24007468724602346
11439,Dan Abramov,0.24016049503657264
11437,Brian Vaughn,0.24003325429825073
11426,Clement Hoang,0.23896847425403459
11422,Matteo Vesprini-Heidrich,0.24412700399589768
11421,Clement Hoang,0.23824562978927202
11404,Yu Tian,0.2544927589472309
11402,Sebastian Markbage,0.2373737403972677
11395,Dean Brophy,0.2366072520281841
11395,Dan Abramov,0.23788804895216534
11390,Sebastian Markbage,0.23461372162719143
11389,Dan Abramov,0.23699515851291528
11385,Jonathan Silvestri,0.23739288020807417
11385,Dan Abramov,0.24118452847439917
11383,Gordon Dent,0.24002801270608387
11372,Dan Abramov,0.23398964803688224
11367,DouglasGimli,0.23641907241415594
11367,Dan Abramov,0.24583314285092303
11365,Bernardo Smaniotto,0.2358218771769418
11365,Dan Abramov,0.24463012737830894
11362,Brian Vaughn,0.23333237185069083
11346,Andrew Clark,0.2320459915244398
11337,audyodi,0.23575254006782387
11337,Dan Abramov,0.2456905622315105
11333,Ethan Arrowood,0.24623312643315337
11333,Dan Abramov,0.251295201022437
11333,Jason Quense,0.24259814379426448
11332,Daniel Leite de Oliveira,0.23355206545131119
11331,Jere Menichelli,0.24787807281386665
11331,Dan Abramov,0.2562103216068733
11327,Iacami Gevaerd,0.23108416238534774
11327,Dan Abramov,0.24047046615581097
11325,Flavio Li Volsi,0.23097079813944038
11316,Alexandre Cordeiro,0.23441690068791363
11316,Dan Abramov,0.23838126838306437
11309,Lucas Lentz,0.2304845435786129
11309,Dan Abramov,0.23412710981945895
11308,Nic Bonetto,0.23373308334784632
11308,Dan Abramov,0.23788271846820697
11307,Andrew Clark,0.22963073321819727
11303,Dan Abramov,0.23125167305486496
11296,zombieJ,0.23448719025227646
11296,Dan Abramov,0.23790939205271103
11291,Brian Vaughn,0.22878481746342738
11288,Dan Abramov,0.22862034108531953
11286,Dan Abramov,0.2286457607686056
11284,Dan Abramov,0.22858848180076627
11282,Dan Abramov,0.22854821563334493
11279,Sebastian Markbage,0.228306919772437
11273,Andrew Clark,0.22798858738244515
11272,Andrew Clark,0.2279714258243353
11264,Andrew Clark,0.2286550978081824
11262,Flarnie Marchan,0.22742856909613374
11260,Sebastian Markbage,0.22750394434648205
11260,Dan Abramov,0.22795916238534775
11252,Dan Abramov,0.2271173704235845
11251,Dustan Kasten,0.2272082383944812
11251,Dan Abramov,0.23404027705213049
11245,Andrew Clark,0.22642999680715198
11244,Dan Abramov,0.22689895543074423
11242,Dan Abramov,0.22640799608876117
11239,Michal Matyas,0.22622031195576453
11232,Andrew Clark,0.22591595734645303
11227,landvibe,0.23804406815601734
11225,Andrew Clark,0.22414657077237898
11223,Brian Vaughn,0.22535602919913936
11216,Anushree Subramani,0.22220001741553466
11216,Dan Abramov,0.2378631943990915
11213,Sebastian Markbage,0.2236345755961192
11206,Clark Du,0.2251295008272379
11202,Nathan Hunzaker,0.22295298304525135
11192,Dan Abramov,0.22227829888322884
11187,Andrew Clark,0.22157816491060026
11178,Haroen Viaene,0.2221703191668844
11168,shawn wang,0.23569573246836178
11168,sw-yx,0.23595012626262626
11168,Dan Abramov,0.2378520613825032
11164,Dan Abramov,0.2208370976285847
11157,Dan Abramov,0.22108623274773598
11153,Georgios Giannoutsos Barkas,0.2206328188494137
11149,sw-yx,0.21948546165679786
11141,Hendeca,0.21936131247823057
11141,Dan Abramov,0.2378426188973064
11139,Sebastian Markbage,0.21861938167595496
11133,Nathan Hunzaker,0.2182546096743295
11126,Sebastian Markbage,0.21742506784802043
11122,Sebastian Markbage,0.21738373770027863
11119,Dan Abramov,0.21769200445547426
11117,Jason Quense,0.2176040986372344
11112,Dan Abramov,0.21754436123688994
11110,Dan Abramov,0.21752615051375826
11109,Dan Abramov,0.2174994081439394
11108,Ori Riner,0.2193219461134332
11091,Sophie Alpert,0.21690130471380473
11089,Tay Yang Shun,0.21684638228549866
11072,Sebastian Markbage,0.21617683661325904
11057,Brandon Dail,0.21555653517938
11056,Fernando Poumián,0.21579552711018227
11044,Flarnie Marchan,0.21543468448856382
11041,Flarnie Marchan,0.21541643083130152
11037,Dan Abramov,0.21535043774672008
11033,Dan Abramov,0.2152981730015674
11012,Tay Yang Shun,0.21451547624230813
11004,Andrew Clark,0.18717254298986874
11003,Fernando Poumián,0.2141218216649251
11003,Jason O'Neil,0.21430488433182399
11003,Greg Myers,0.21430522901428073
11003,Fernando Poumian,0.21465427442528737
11003,Josh Hawkins,0.21471075699523975
11003,Dan Abramov,0.21525962859238085
11003,Goffert van Gool,0.21508454697840473
11003,John Darryl Pelingo,0.21515134281028678
11003,Nic Bonetto,0.2152542033118542
11003,Romello Goodman,0.21527474820039474
11003,Cole Turner,0.21527619042435853
11003,Yangshun Tay,0.21528466235632185
11003,Brian Vaughn,0.21529171927609428
10985,Neo,0.21360409349723286
10970,skratchdot,0.21293859028503426
10945,Joe Critchley,0.21236414522378963
10920,Connor Elsea,0.2121520838775688
10902,Toru Kobayashi,0.21320675323638685
10896,Brian Vaughn,0.14310406432016526
10896,Joe Critchley,0.14397914580430746
10893,Brian Vaughn,0.211444759193951
10876,Joe Critchley,0.21136314655172414
10876,Dan Abramov,0.21139955136857075
10872,Dan Abramov,0.211261873403576
10856,Sophie Alpert,0.21081404018634622
10846,Dan Abramov,0.21071874455764542
10830,Jason Quense,0.41214223775107395
10824,Andrew Clark,0.21028622703326366
10823,Nathan Hunzaker,0.2108681771014745
10819,Dan Abramov,0.20989700343956808
10817,Dan Abramov,0.20986804104261
10814,Brian Vaughn,0.20921652997286078
10813,Jason Quense,0.2097028746516893
10807,Spencer Miskoviak,0.21029382365319865
10805,Dan Abramov,0.2092950291347382
10805,Brandon Dail,0.20985965981655638
10804,Sophie Alpert,0.2094340797824993
10792,Joe Critchley,0.20841744945866714
10786,Flarnie Marchan,0.20801971765064436
10786,Brian Vaughn,0.20991095400847556
10783,Clement Hoang,0.2257419891564109
10769,Joe Critchley,0.20653368685549323
10761,Joe Critchley,0.2064992507691861
10758,Dustan Kasten,0.21071726796091583
10758,Dan Abramov,0.22222299473421958
10741,MICHAEL JACKSON,0.2044287795338442
10735,Flarnie Marchan,0.2023880348927493
10735,Joe Critchley,0.20493890843601242
10730,Flarnie Marchan,0.20634521678433318
10723,Ken,0.2028272487809126
10723,Ken Chau,0.20556744407678315
10715,Andrew Clark,0.22139470313769882
10712,Andrew Clark,0.20122649809880414
10707,Flarnie Marchan,0.2023880348927493
10705,Flarnie Marchan,0.20074474087135724
10704,Dan Abramov,0.20062741277719726
10702,Dan Abramov,0.2005599003686288
10699,Dan Abramov,0.20038154231491156
10692,Toru Kobayashi,0.2007199626084324
10679,Brian Vaughn,0.20043213807132632
10676,Dan Abramov,0.1994197301075893
10655,Jane Manchun Wong,0.19670128185591548
10654,Flarnie Marchan,0.19806883792426178
10652,Clement Hoang,0.19811901794525716
10650,Dan Abramov,0.1965574476808313
10647,Flarnie Marchan,0.19622967280564263
10642,Flarnie Marchan,0.19626527124695228
10640,Dan Abramov,0.19573709436317194
10630,Flarnie Marchan,0.19507914997677928
10629,Sophie Alpert,0.19506466877830025
10627,Brian Vaughn,0.19506546245500989
10624,Andrew Clark,0.18929668678523745
10612,Flarnie Marchan,0.19433219588122605
10593,Flarnie Marchan,0.19292720850748868
10593,Brian Vaughn,0.1942329636160455
10592,Dan Abramov,0.19103215841968538
10587,Andrew Clark,0.19047227392459073
10579,Eric Nakagawa,0.19014022680105655
10575,Andrew Clark,0.18955958954971167
10574,Andrew Clark,0.18963225103041914
10569,Brian Vaughn,0.18639748780912574
10564,Nathan Hunzaker,0.18803462805299598
10564,Dan Abramov,0.1887384354739164
10548,Andrew Clark,0.18573789711047253
10546,Flarnie Marchan,0.18569974469309958
10543,Andrew Clark,0.1855344059609505
10530,mitermayer,0.18436593847962382
10517,Dan Abramov,0.1838582561077173
10514,Nicolas Straub,0.20826103165273424
10514,Dan Abramov,0.28971266862228606
10511,Brian Vaughn,0.18351186317854618
10511,Dan Abramov,0.18371502984829133
10510,Brian Vaughn,0.18405663888647006
10509,Andrew Clark,0.1833236247774682
10509,Flarnie Marchan,0.18774682740963275
10509,Dan Abramov,0.1836945968303727
10495,Nathan Hunzaker,0.18018862293916174
10494,Aesop Wolf,0.1800775172704052
10490,易国勇,0.17978772549489144
10490,Dan Abramov,0.19574877274904215
10484,Brian Vaughn,0.17951485944212237
10483,Flarnie Marchan,0.17941542762394055
10481,Andrew Clark,0.1793459831794961
10475,Alexander Chisler,0.18109836390727196
10473,Flarnie Marchan,0.1786118480966272
10470,Nathan Hunzaker,0.1783117045091722
10457,Brian Vaughn,0.17699269091779868
10456,Brandon Dail,0.176917373265703
10456,Nathan Hunzaker,0.15007347178683386
10456,Dan Abramov,0.19110979587542087
10453,Brandon Dail,0.17660720692719017
10453,Dan Abramov,0.183789686103129
10452,Ben Alpert,0.17613543843608498
10451,Héliton Nordt,0.17708935620573552
10449,Brandon Dail,0.175353353941716
10448,Edgar Aroutiounian,0.1747849181469871
10447,Brian Vaughn,0.17479680062115407
10446,Flarnie Marchan,0.1764337470842173
10445,Sebastian Markbage,0.17474918908916753
10444,Sebastian Markbage,0.17474695409555324
10434,Ben Alpert,0.17396053748693835
10430,Brandon Dail,0.059860040781376994
10430,walrusfruitcake,0.15003329813944039
10430,Nathan Hunzaker,0.17744070833779887
10430,Ian Sutherland,0.17742174801172647
10430,Sophie Alpert,0.21002750656710786
10426,Andrew Clark,0.17894156725298965
10414,Jack Ford,0.17802527691506378
10414,Dan Abramov,0.17861106575815627
10409,Nate Hunzaker,-0.20953727287240217
10409,Nathan Hunzaker,0.16907858121944772
10403,Andrew Clark,0.17156248639411353
10393,pomber,0.17008125737741397
10385,Nate Hunzaker,-0.20953727287240217
10385,Nathan Hunzaker,0.16907858121944772
10377,Ben Alpert,0.16856309140253106
10376,Dan Abramov,0.1686906148409381
10372,Dan Abramov,0.16839876555303998
10362,Dan Abramov,0.16767881892612496
10356,Dan Abramov,0.16747789950510855
10353,Andrew Clark,0.16715963514454893
10353,Dan Abramov,0.1682421411004385
10351,Dan Abramov,0.16741262753250896
10345,Dan Abramov,0.1669157450946244
10344,Nathan Hunzaker,0.16690177638453502
10341,Dan Abramov,0.16669645902269825
10339,Dan Abramov,0.1666513373679322
10334,Brian Vaughn,0.16616837828718217
10333,Dan Abramov,0.1660078152211773
10329,Antonio de Padua,0.16513775052972252
10316,Dominic Gannaway,0.16292007267357483
10315,Dominic Gannaway,0.16282494485080692
10314,Brian Vaughn,0.1663625103145577
10313,Fernando Montoya,0.16284659332791518
10313,Dan Abramov,0.1629553225018383
10301,kdr1,0.1624053665244398
10292,Flarnie Marchan,0.16208427213949844
10290,Brian Vaughn,0.16206789065221178
10283,Andrew Clark,0.16196253120283294
10281,Dan Abramov,0.16724615044119354
10275,Dan Abramov,0.16130330423487754
10273,Dan Abramov,0.1704821853593405
10272,Dan Abramov,0.16112636784511786
10270,Andrew Clark,0.1605859692470684
10268,Brian Vaughn,0.16053385189901892
10267,Dan Abramov,0.1612858877931615
10247,Jason Quense,0.1588102619828554
10239,Andrew Clark,0.15747196280332057
10238,Jason Quense,0.1674800900528271
10238,Dan Abramov,0.16812728578892372
10237,Brandon Dail,0.1575674670556136
10237,Nathan Hunzaker,0.1590706998142343
10237,Dan Abramov,0.16906061331707883
10236,Dominic Gannaway,0.16278426778561475
10235,Nathan Hunzaker,0.16009049728607916
10229,Nate Hunzaker,-0.20953727287240217
10229,Nathan Hunzaker,0.16565377709774262
10227,Dan Abramov,0.15698247440883936
10225,Andrew Clark,0.15778829966329966
10221,gzhappysky,0.1568370002709083
10221,guoyong,0.16018290894425194
10221,guoyong yi,0.16232064720480668
10221,Dan Abramov,0.16583299998911527
10214,Sebastian Markbage,0.15597471436709046
10213,Andrew Clark,0.1566711838209683
10211,Sebastian Markbage,0.15585815727316266
10210,Flarnie Marchan,0.1565680502946128
10208,Jason Quense,0.15574416942412633
10207,Dan Abramov,0.15565887638961454
10201,Jason Quense,0.1550503508504586
10197,Dan Abramov,0.15440789600990748
10187,Sebastian Markbage,0.15653051709624985
10186,Jason Quense,0.15519221489318472
10185,Dominic Gannaway,0.15443427404432253
10182,Andrew Clark,0.1520361118367584
10178,Andrew Clark,0.15197884466068734
10175,Dan Abramov,0.15186869593927782
10173,Dan Abramov,0.15181966032450947
10169,Nathan Hunzaker,0.1517825011368474
10157,Brandon Dail,0.15099266733426217
10156,Jason Quense,0.15112975268731374
10154,Nathan Hunzaker,0.1509358718289214
10154,Brandon Dail,0.16191553647103216
10153,Ryan,0.1507864655898061
10149,stepancar,0.15043012137660125
10148,Flarnie Marchan,0.15090441048415187
10138,Peter Ruibal,0.15028019509027052
10124,Meghna Gupta,0.14768008751306166
10106,Ben Styles,0.14239282189713226
10106,Dheeraj Kumar,0.14518751632706373
10105,Sebastian Markbage,0.14613530781957507
10101,Garrett McCullough,0.1461575951686404
10090,Siddharth Kshetrapal,0.14667028453666384
10076,Jim,-0.22346905658597468
10076,Nathan Hunzaker,0.17316480175316382
10056,Sebastian Markbage,0.13943519244165797
10048,Henry Harris,0.139114261327354
10045,Brian Vaughn,0.13850314991388987
10038,Sasha Aickin,0.13777119252873563
10036,Sasha Aickin,0.13796045040926508
10026,Sebastian Markbage,0.13677750815446127
10025,Ian Sutherland,0.1770937735835365
10024,Sasha Aickin,0.1358337217680524
10015,Andrew Clark,0.14872186211976082
10008,Andrew Clark,0.13440203684007562
10004,Dominic Gannaway,0.13207843974950656
9992,Sophie Alpert,0.1982680522901428
9990,Charles Cardinaux,0.13353536714123998
9983,Ben Alpert,0.12920426426622547
9968,Andrew Clark,0.1300814901892488
9966,Bogdan Chadkin,0.12915363222744689
9966,Dan Abramov,0.1292241606075119
9964,Dan Abramov,0.12909160147935295
9954,Dan Abramov,0.12851687220625796
9953,Dan Abramov,0.12849171492221062
9952,Andrew Clark,0.12841449244601183
9950,Flarnie Marchan,0.12840257142183326
9946,Dan Abramov,0.1282594733252061
9943,Dan Abramov,0.12816266562899106
9940,Nathan Hunzaker,0.1277630562086381
9936,Dan Abramov,0.12760673364391034
9920,Cory House,0.1266174133577151
9919,Flarnie Marchan,0.12630954540616898
9911,Brian Vaughn,0.12534225153837222
9903,Dan Abramov,0.12462787488257708
9902,Flarnie Marchan,0.12458371883344943
9887,Dan Abramov,0.12408692256617904
9883,Dan Abramov,0.1235856862446302
9873,Dan Abramov,0.12299018834175085
9869,Flarnie Marchan,0.12313768975676304
9858,Sebastian Markbage,0.12297058225937536
9852,Flarnie Marchan,0.12211229573029142
9849,Peter Hozák,0.12190778111575526
9849,Peter Hozak,0.14612743817485196
9845,Nick Kasten,0.12203520024236619
9835,Ben Alpert,0.11904906645477766
9827,Flarnie Marchan,0.11886221681615
9823,Flarnie Marchan,0.11826125388221292
9815,Dustan Kasten,0.11816980078261058
9814,Tim Yung,0.11737177812608847
9793,Flarnie Marchan,0.11554635797631486
9788,Dan Abramov,0.11409685032799256
9781,Flarnie Marchan,0.11506593714927049
9780,Flarnie Marchan,0.11358125072564727
9779,Kevin Linsley,0.11339847529412904
9771,Andrew Clark,0.07596288858411704
9771,Flarnie Marchan,0.11336320732468361
9771,Dan Abramov,0.02574486785963079
9768,Flarnie Marchan,0.11298980284163473
9761,Mond WAN,0.11241063653779171
9761,Flarnie Marchan,0.12548252822767908
9758,Flarnie Marchan,0.11212017807384186
9754,Flarnie Marchan,0.1119136649057626
9742,Ben Alpert,0.1104865827818414
9738,Jordan Papaleo,0.10989362010913735
9734,Jordan Papaleo,0.10987381900905607
9730,Jordan Papaleo,0.1660157882706374
9725,Andreas Solleder,0.10980048781638221
9714,temu.psc,0.11322700181895584
9710,Sebastian Markbage,0.10562346102306591
9695,Andrew Clark,0.11511191718429507
9691,Dominic Gannaway,0.1100742838019122
9679,Dan Abramov,0.10461830771798444
9676,Flarnie Marchan,0.1098996951374376
9673,Ben Alpert,-0.17542591866945315
9673,Tom Occhino,0.10201352222769247
9669,Tom Occhino,0.10257849689422965
9663,Dan Abramov,0.10227232816672471
9661,Manas,0.14122391751567398
9658,Tom Occhino,0.10196383736793219
9650,Flarnie Marchan,0.10983836811602617
9634,Toru Kobayashi,0.10089005173865087
9626,Brian Vaughn,0.10471420835510274
9624,Paul Manta,0.09945498447114827
9622,Bartosz Kaszubowski,0.09935034311022099
9622,simek,0.10053090622460234
9608,Andrew Clark,0.09749957821752003
9602,Dave Lunny,0.10341098666260304
9584,Nathan Hunzaker,0.09548617158171756
9580,Sebastian Markbage,0.10071295298531288
9556,Andrew Clark,0.09248274168891986
9555,Tom Occhino,0.0924081829429351
9553,Sebastian Markbage,0.09222466221119238
9544,Flarnie Marchan,0.09385428156081892
9537,Flarnie Marchan,0.09224308684909441
9532,Flarnie Marchan,0.0909348120815434
9528,Frankie Bagnardi,0.09032274976779286
9528,Dan Abramov,0.09052971538558822
9519,AlmeroSteyn,0.08916421760710554
9519,Dan Abramov,0.1384910497455397
9518,Mateusz Burzyński,0.08966452419308023
9514,Brian Vaughn,0.08933457237605945
9512,Nathan Hunzaker,0.08525808552478813
9499,Daniel Lo Nigro,0.08761767731191222
9493,Abhay Nikam,0.08866367820929603
9490,Adam Thomann,0.08981231435523819
9465,Dominic Gannaway,0.08804079511245458
9465,Dan Abramov,0.0859360940584001
9465,Paul Irish,0.08992260971786833
9457,RSG,0.08517620530012772
9455,Brian Vaughn,0.08515443588180656
9454,Frankie Bagnardi,0.09027447896876285
9454,Dan Abramov,0.09451051462904911
9448,Andrew Clark,0.08385285207887579
9445,Flarnie Marchan,0.08276306376746391
9434,Flarnie Marchan,0.08146402361740006
9432,Abhishek Soni,0.08188497765006386
9429,Abhay,0.08091367760458996
9429,Brandon Dail,0.08124289470374241
9427,Hanu,0.08083561912225705
9427,hanumanthan,0.08163276986822246
9427,Dan Abramov,0.08435986118367583
9426,Brian Vaughn,0.08198335486086923
9420,Flarnie Marchan,0.07973157218739116
9416,Ben Alpert,0.08008218862475328
9414,Brian Vaughn,0.08016087902492357
9407,Ai Onda,0.07931298890485312
9399,Brian Vaughn,0.07891719655409897
9394,Dan Abramov,0.07824289047079996
9392,Dominic Gannaway,0.0780396185272263
9392,Dan Abramov,0.07912255638279345
9389,Manas,0.08444020847846279
9389,Dan Abramov,0.09126701189335887
9388,lukebelliveau,0.07738796913096482
9369,Dominic Gannaway,0.12286475386044352
9366,Dan Abramov,0.075861579153605
9359,Flarnie Marchan,0.07437044516785897
9339,Toru Kobayashi,0.09591642081045818
9336,Flarnie Marchan,0.07366050954951817
9333,Nathan Hunzaker,0.41037407721854563
9333,Nate Hunzaker,0.4708426265660787
9331,Flarnie Marchan,0.07399784785111653
9329,Eric Elliott,0.07359371976469677
9329,Dan Abramov,0.08052957738302566
9316,William Cunningham,0.0750043789789659
9313,Joel Denning,0.07730001886682922
9299,Brian Vaughn,0.06970685664112389
9293,Dominic Gannaway,0.06953512767763845
9291,Brian Vaughn,0.06957729957622198
9284,ajcumine,0.08157858215778474
9283,Nathan Hunzaker,0.06896218833449437
9278,Ben Alpert,0.06867876864913502
9277,Filip Hoško,0.06866379310344828
9271,Brandon Dail,0.06745889208173692
9264,Sasha Aickin,0.06860107450220597
9257,Sasha Aickin,0.06514217244281899
9247,Dan Abramov,0.06410002503483107
9240,Soo Jae Hwang,0.06569484173632881
9240,Brandon Dail,0.08399844348659004
9236,Rogelio Guzman,0.06571342291169877
9232,Andrew Clark,0.06556171562064611
9221,Sasha Aickin,0.062512769124434
9219,Valentin Shergin,0.06098810482700569
9219,Ben Alpert,0.06191606256530825
9210,Andrew Clark,0.05881177072448624
9209,Dan Abramov,0.06008882023459371
9197,Brian Vaughn,0.059431509781725296
9188,Tomasz Lakomy,0.05795297926583846
9187,Andrew Clark,0.058116227442736056
9184,Andrew Patton,0.20533183585435288
9163,Arshabh Kumar Agarwal,0.05710117907316183
9163,Brandon Dail,0.07747791537864274
9163,Dan Abramov,0.080758890993266
9157,Addy Osmani,0.054593143177464304
9147,Dominic Gannaway,0.052776620269586044
9147,Dan Abramov,0.05366751960457061
9146,LEE JAE HO,0.1482456237422114
9119,Steve Mao,0.050164549590734936
9115,Ade Viankakrisna Fadlil,0.05246739122547312
9114,Vincent Taing,0.050418169361236886
9113,Sung Won Cho,0.05924559516984985
9106,Sasha Aickin,0.048436454160861495
9105,Dan Abramov,0.04859160026994079
9101,Sebastian Markbage,0.052763021941961114
9096,Dominic Gannaway,0.04889272016696585
9089,Sasha Aickin,0.045447480220064625
9087,Andrew Clark,0.04686309938465111
9082,Andrew Clark,0.04621608765197128
9080,Dominic Gannaway,0.04617948522582144
9076,Andrew Clark,0.0457275829414838
9074,Dima Beznos,0.04687448751161036
9074,Brandon Dail,0.0485315257459654
9071,Dan Abramov,0.04786562554423545
9064,GibboK,0.04336594210786021
9055,Sasha Aickin,0.044370415464165466
9045,Dominic Gannaway,0.04173579968748791
9043,Dominic Gannaway,0.04180562358498781
9039,Brian Vaughn,0.040709438131313135
9026,Dmitriy Sobolev,0.038052312819284805
9019,Ben Alpert,0.036860922442818994
9018,Jason Williams,0.41277449422384765
9018,Nathan Hunzaker,0.41578816179031697
9014,David Flanagan,0.03607999898409381
9013,Brian Vaughn,0.04437930399541391
9006,David Hu,0.0512563443744598
9006,Dan Abramov,0.08667893917624521
9005,William Cunningham,0.03542912965865552
9004,Andrew Clark,0.037736981283137884
8982,Leland Richardson,0.06530095313769883
8978,Andrew Clark,0.032180724268547546
8974,Andrew Clark,0.031339907697666314
8961,Andrew Clark,0.03642850242729014
8959,Brian Vaughn,0.03048303315724293
8954,Sebastian Markbage,0.030374615406942994
8952,Toru Kobayashi,0.029821100734355045
8950,Andrew Clark,0.03572348847672124
8949,Andrew Clark,0.029847389121096017
8946,Sean Gransee,0.03116340609156701
8941,Toru Kobayashi,0.029170412820736097
8936,Andrew Clark,0.029007223818646233
8931,Leland Richardson,0.02984423414279287
8930,Dan Abramov,0.027249288865668176
8926,Andrew Clark,0.027375357985990167
8924,Piper Chester,0.025998463441890166
8919,Andrew Clark,0.026792816558441557
8916,krinoid,0.02552643895855103
8916,KB,0.025656502162428887
8916,Dan Abramov,0.02875194110646697
8890,Andrew Clark,0.023512259810751186
8883,Ragnar Valgeirsson,-0.05039523084452443
8883,Ragnar Þór Valgeirsson,-0.05182943842157204
8883,Kevin Lacker,-0.04077211591489609
8883,Mojtaba Dashtinejad,0.017666721997271567
8866,jddxf,0.019317356394403806
8860,Jason Quense,0.019093974950655984
8860,Nathan Hunzaker,0.025964829690584
8860,Brandon Dail,0.034455540044845
8857,Dan Abramov,0.018474108905143387
8855,Ben Alpert,0.018062158945779637
8853,Brandon Dail,0.01804377739318472
8851,Keyan Zhang,0.017886670222338325
8851,Dan Abramov,0.017899659308603273
8848,jamesknelson,0.01944580684720771
8846,Zac Braddy,0.01720067956867526
8841,mguidotto,0.01699677268373389
8841,Dan Abramov,0.01787859739637757
8840,Sebastian Markbage,0.017405087150238013
8839,Sebastian Markbage,0.015781875870776733
8833,Sebastian Markbage,0.0150038096482062
8831,Diego Muracciole,0.018362833918688804
8831,Dan Abramov,0.025677083333333333
8829,Juan Olvera,0.031188174851967957
8818,Dan Abramov,0.018053880794623348
8816,Mark Pedrotti,0.013528332897944965
8808,Ragnar Valgeirsson,0.016222545912739878
8805,jcros8,0.012733779364526493
8797,Andrew Clark,0.013853876407755717
8796,Tom Gasson,0.010931050809822361
8795,Jeffrey Wan,0.01085277160977592
8792,Jeffrey Wan,0.010827011131429235
8792,Kevin Lacker,0.025132784381168
8785,Brian Vaughn,0.01050934996516893
8782,Guillermo Rauch,0.010139632677348194
8779,Brian Vaughn,0.010110537245055923
8778,jcros8,0.009647119124489815
8778,Sergey Rubanov,-0.053325714036920935
8778,Maksim Shastsel,-0.0498170280390108
8778,Dan Abramov,-0.03301465172558923
8767,Dan Abramov,0.009388134215720422
8757,Dan Abramov,-0.0031192424423836067
8757,Andrew Clark,0.0087646982447629
8756,Brian Vaughn,0.009328667421339835
8755,Joel Denning,0.00845223063973064
8754,richiethomas,0.009919670846394984
8752,Andrew Clark,0.008485492496807152
8752,Andrew Clark,0.008485492496807152
8751,Dustan Kasten,0.011053391312550795
8751,Dan Abramov,0.11727392685838267
8747,jddxf,0.008188902313363519
8745,jcros8,0.00793029863106641
8742,Brian Vaughn,0.008188092763119702
8741,Eric Churchill,0.007778322013235806
8739,Dan Abramov,0.007548566967568404
8732,Yo Takezawa,0.007297517197840473
8728,Andrew Clark,0.007044570162835249
8723,Brian Vaughn,0.006983112373737374
8716,Andrew Clark,0.013818632975421768
8716,Sebastian Markbage,0.0150038096482062
8710,Andrew Clark,0.005663178117380704
8707,Tomáš Hromada,0.006489309401486126
8707,Dan Abramov,0.007715535382561245
8706,Brian Vaughn,0.005253722570532916
8705,Dan Abramov,0.005670098978288633
8697,Brandon Dail,0.0041922774802623936
8688,Brandon Dail,0.0030697555657146175
8686,Dan Abramov,0.003759166739231394
8682,Dan Abramov,0.002915773213456403
8680,Whien,0.0028185274076976664
8680,Dan Abramov,0.009113785121328224
8677,Brian Vaughn,0.002225977446882619
8667,Eric Churchill,0.007714641929350982
